rna_id,rna_sequence,molecule_index,status,smiles,tanimoto_similarity
RNA 1/10,GUGAAAUGUUCAGGACCACUUG...,1,INVALID,C1=C(C=C(C=C1)C#N)C(C2=CC=C(C=C2)C#N3C=NC=N3)N,N/A
RNA 1/10,GUGAAAUGUUCAGGACCACUUG...,2,VALID,C1=NC(=O)NC2=C1N=NC(=N2)C3=CC=CC=C3,0.208
RNA 1/10,GUGAAAUGUUCAGGACCACUUG...,3,VALID,CC(=O)[O-].[Na+],1.000
RNA 1/10,GUGAAAUGUUCAGGACCACUUG...,4,VALID,CN(C)CCN=C(N)N,0.400
RNA 1/10,GUGAAAUGUUCAGGACCACUUG...,5,VALID,C[C@]12CC[C@H]3[C@H]([C@@H]1CC[C@@H]2O)CCC4=C3C=CC(=C4)O,1.000
RNA 1/10,GUGAAAUGUUCAGGACCACUUG...,6,VALID,CN(C)CCN=C(N)C(=O)N,0.308
RNA 1/10,GUGAAAUGUUCAGGACCACUUG...,7,INVALID,C1=CC=C(C(=C1O)O)C2=COC3=C2OC=C4C(=O)C=CC=C5,N/A
RNA 1/10,GUGAAAUGUUCAGGACCACUUG...,8,VALID,CC(C)(C)OO,1.000
RNA 1/10,GUGAAAUGUUCAGGACCACUUG...,9,VALID,C[C@H](/C=C(\C)/C=C/C(=O)NO)C(=O)C1=CC=C(C=C1)N(C)C,1.000
RNA 1/10,GUGAAAUGUUCAGGACCACUUG...,10,INVALID,CC(C)S(=O)(=O)NC1=C(C(=C(C=C1)F)C(=O)C2=CNC3=C2C=CC=C3C(=O)O,N/A
RNA 1/10,GUGAAAUGUUCAGGACCACUUG...,11,VALID,C(CCl)(Cl)(Cl)Cl,0.333
RNA 1/10,GUGAAAUGUUCAGGACCACUUG...,12,VALID,C1=C(C(=O)NC(=O)N1)F,1.000
RNA 1/10,GUGAAAUGUUCAGGACCACUUG...,13,INVALID,COC1=CC=C(C=C1)P(=S)(N2CCOCC2)S.C1CN1CCCCC(=O)(=O)[N+](=O)[O,N/A
RNA 1/10,GUGAAAUGUUCAGGACCACUUG...,14,INVALID,CN(C1=C(=O)C=C2=C(N=C21)N3CC=CC(=N3)C4=CC=CC=C4,N/A
RNA 1/10,GUGAAAUGUUCAGGACCACUUG...,15,VALID,CC(=O)[O-].[Na+],1.000
RNA 1/10,GUGAAAUGUUCAGGACCACUUG...,16,VALID,COC1=C2C(=C(C=C1)C(=O)OC3=C(C2=O)C=CC=C3)O,0.316
RNA 1/10,GUGAAAUGUUCAGGACCACUUG...,17,INVALID,C[C@H](/C=C(\C)/C(=O)NO[C@H](C(=O)C(=O)N(C)C(=O)C(=O)N[C@@H],N/A
RNA 1/10,GUGAAAUGUUCAGGACCACUUG...,18,INVALID,C[C@H]1[C@@H]([C@H]([C@@H](O1)OC2=C(C(=O)C3=C2C=C(C=C3CCC(=O,N/A
RNA 1/10,GUGAAAUGUUCAGGACCACUUG...,19,INVALID,CN(C)CCNC(=O)[C@H]1CC[C@H]2[C@@]1(CC(=C2)C(=OC)O)C,N/A
RNA 1/10,GUGAAAUGUUCAGGACCACUUG...,20,VALID,C1=CC=C2C(=C1)C(=CN2)CC3=CC=CC=C3,0.769
RNA 1/10,GUGAAAUGUUCAGGACCACUUG...,21,VALID,CC(=O)NCCCCNCC(=O)O,0.485
RNA 1/10,GUGAAAUGUUCAGGACCACUUG...,22,VALID,CC(=O)[O-].[Na+],1.000
RNA 1/10,GUGAAAUGUUCAGGACCACUUG...,23,INVALID,C[C@]12CCC(=O)C[C@@H]1C[C@@H]3[C@@H]2CC[C@]4([C@@]3(C[C@@H]4,N/A
RNA 1/10,GUGAAAUGUUCAGGACCACUUG...,24,VALID,CCC(=O)[O-].[Na+],0.917
RNA 1/10,GUGAAAUGUUCAGGACCACUUG...,25,INVALID,C/C(=C/C=C/C=C(\C(=O)O)OC1CC=C(C=C1)O,N/A
RNA 1/10,GUGAAAUGUUCAGGACCACUUG...,26,INVALID,COC1=C(C=CC(=C1)/C=C/C(=O)CC(=O)/C=C/C2=CC=C(C=C2)OC)O[C@@](,N/A
RNA 1/10,GUGAAAUGUUCAGGACCACUUG...,27,VALID,CC/C=C\C/C=C\C/C=C\C\C/C=C\C/C=C\C/C/C(=O)O,0.957
RNA 1/10,GUGAAAUGUUCAGGACCACUUG...,28,VALID,CN(C)CCN=C(N)N=C(N)N,0.412
RNA 1/10,GUGAAAUGUUCAGGACCACUUG...,29,VALID,C1=CC=C2C(=C1)C(=N2)CCNCC(=O)CC3=CC=C(C=C3)/C=C/C(=O)NO,0.412
RNA 1/10,GUGAAAUGUUCAGGACCACUUG...,30,VALID,C[C@H](/C=C(\C)/C=C/C(=O)NO)C(=O)C1=CC=C(C=C1)N(C)C,1.000
RNA 2/10,UUCACUACUAGCAGAACUCGG...,1,VALID,C1=CC=C2C3=C4C(=CC2=C1)C=CC5=C4C(=CC=C5)C=C3,1.000
RNA 2/10,UUCACUACUAGCAGAACUCGG...,2,INVALID,C[C@@H]1CC[C@@]2(CC[C@@]3(C(=CC[C@H]4[C@]3(C[C@@H]5[C@@]4(CC,N/A
RNA 2/10,UUCACUACUAGCAGAACUCGG...,3,VALID,CC(=O)O[C@H]1[C@H]([C@@H]2[C@]([C@H](CCC2(C)C)O)([C@@]3([C@@,0.613
RNA 2/10,UUCACUACUAGCAGAACUCGG...,4,VALID,CC1=C(C(=O)NC(=O)N1)F,0.357
RNA 2/10,UUCACUACUAGCAGAACUCGG...,5,VALID,CC/C=C\C/C=C\C/C=C\C/C=C\C/C=C\C\C/C=C\C/C=C\C/CC(=O)O,0.957
RNA 2/10,UUCACUACUAGCAGAACUCGG...,6,VALID,CC(=O)OCC1=CC=C(C=C1)OC,0.429
RNA 2/10,UUCACUACUAGCAGAACUCGG...,7,VALID,CC(=O)O[C@H]1[C@H]([C@@H]2[C@]([C@H](CCC2(C)C)O)([C@@]3([C@@,0.613
RNA 2/10,UUCACUACUAGCAGAACUCGG...,8,VALID,CCN(C)C(=C)NCC(=O)N=O,0.278
RNA 2/10,UUCACUACUAGCAGAACUCGG...,9,VALID,C1=CC(=C(C=C1C2=C(C(=O)C3=C(C=C(C=C3O2)O)O)O)O)O,1.000
RNA 2/10,UUCACUACUAGCAGAACUCGG...,10,INVALID,CCCCCCCCCCCCCCCCCCCS=C(=O)NC(=O)C)C,N/A
RNA 2/10,UUCACUACUAGCAGAACUCGG...,11,VALID,CC(=O)[O-].[Na+],1.000
RNA 2/10,UUCACUACUAGCAGAACUCGG...,12,INVALID,COC1=C(C(=O)C=CC2=C(C=C1)O)OC,N/A
RNA 2/10,UUCACUACUAGCAGAACUCGG...,13,INVALID,C/C(=C(\CCC(\C1=CC=C(C=C1)O)/C)/C2=C(C=C(C=C2)O)O,N/A
RNA 2/10,UUCACUACUAGCAGAACUCGG...,14,VALID,C1=CC=C(C=C1)C2=C(C=O)C3=C(C(=C3O2)O[C@H]4[C@@H]([C@H]([C@@H,0.360
RNA 2/10,UUCACUACUAGCAGAACUCGG...,15,VALID,C1=CC=C2C3=C4C(=CC2=C1)C=CC5=C4C(=CC=C5)C=C3,1.000
RNA 2/10,UUCACUACUAGCAGAACUCGG...,16,VALID,CC(C)(C1=CC(=C(N1C[C@H](C[C@H](C(=O)O)O)O)C2=C=C(C=C2)F)C3=C,0.297
RNA 2/10,UUCACUACUAGCAGAACUCGG...,17,VALID,C([C@@H]1[C@H]([C@@H]([C@H](C(O1)O)O)O)O)O,1.000
RNA 2/10,UUCACUACUAGCAGAACUCGG...,18,VALID,C1=C(C(=O)NC(=O)N1)F,1.000
RNA 2/10,UUCACUACUAGCAGAACUCGG...,19,INVALID,C1=CC=C(C=C1)NCC(=O)NOCCCCCCC(=O)NOC(=O)NC2=CC=C(C=N2)N3=CC(,N/A
RNA 2/10,UUCACUACUAGCAGAACUCGG...,20,INVALID,CCC(=O)O[C@H]1[C@H]([C@@H]2[C@]([C@H](CC2(C)C)O)([C@@]3([C@@,N/A
RNA 2/10,UUCACUACUAGCAGAACUCGG...,21,INVALID,CN(C)CCNCC(=O)NC1=C(C(=C(C=C1)O)O,N/A
RNA 2/10,UUCACUACUAGCAGAACUCGG...,22,VALID,CN(C)CCN=C(C=O)N,0.268
RNA 2/10,UUCACUACUAGCAGAACUCGG...,23,VALID,C1=CC=C(C=C1)NC(=O)CCCCCCC(=O)NO,1.000
RNA 2/10,UUCACUACUAGCAGAACUCGG...,24,VALID,C1=C2C(=CC(=C1Cl)Cl)OC3=CC(=C(C=C3O2)Cl)Cl,1.000
RNA 2/10,UUCACUACUAGCAGAACUCGG...,25,VALID,C1=C(C=C(C=C1O)O)[C@@H](C(=O)O)N,1.000
RNA 2/10,UUCACUACUAGCAGAACUCGG...,26,VALID,CS(=O)(=O)NCCCCC(=O)N,0.273
RNA 2/10,UUCACUACUAGCAGAACUCGG...,27,VALID,C1=CC=C(C=C1)C2=CC(=O)C3=C(C=C(C=C3O2)O)O,1.000
RNA 2/10,UUCACUACUAGCAGAACUCGG...,28,INVALID,CC(=CCC[C@@](C)([C@H]1CC[C@@]2([C@@H]1[C@@H](C[C@H]3[C@]2(CC,N/A
RNA 2/10,UUCACUACUAGCAGAACUCGG...,29,INVALID,CC1=C(C(=O)C(=O)N[C@H](C(=O)N([C@H](C(=O)N([C@H]([C@H](C(=O),N/A
RNA 2/10,UUCACUACUAGCAGAACUCGG...,30,INVALID,CCN(C)CN1C=C(C(=O)C2=CC=CC=C2,N/A
RNA 3/10,UGGAAGACUAGUGAUUUUGUUGUU...,1,VALID,C[C@]12CC[C@H]3[C@H]([C@@H]1CC[C@@H]2O)CCC4=C3C=CC=C4,0.727
RNA 3/10,UGGAAGACUAGUGAUUUUGUUGUU...,2,VALID,CCC/C=C\C/C=C/C=C\C/C=C\C/C=C\C/CC=C\C/C/C=O,0.333
RNA 3/10,UGGAAGACUAGUGAUUUUGUUGUU...,3,INVALID,CC(=O)O[C@H]1[C@H]([C@@H]2[C@]([C@H](CCC2(C)C)O)([C@@]3([C@@,N/A
RNA 3/10,UGGAAGACUAGUGAUUUUGUUGUU...,4,INVALID,C[C@@H]1CC[C@@]2(CC[C@@]3(C(=CC[C@H]4[C@]3(CC[C@@H]5[C@@]4(C,N/A
RNA 3/10,UGGAAGACUAGUGAUUUUGUUGUU...,5,VALID,CC(=O)NCCC(C1=CC=CC=C1)O,0.348
RNA 3/10,UGGAAGACUAGUGAUUUUGUUGUU...,6,VALID,CCC(C)C1=C(N=C(N1CC)OC)C2=CC=CC=C2,0.222
RNA 3/10,UGGAAGACUAGUGAUUUUGUUGUU...,7,VALID,CC(=O)[O-].[Na+],1.000
RNA 3/10,UGGAAGACUAGUGAUUUUGUUGUU...,8,VALID,C1=CC=C2C3=C4C(=CC2=C1)C=CC5=C4C(=CC=C5)C=C3,1.000
RNA 3/10,UGGAAGACUAGUGAUUUUGUUGUU...,9,VALID,CCCN(C)CCCCNC(C)CCC(=O)O,0.308
RNA 3/10,UGGAAGACUAGUGAUUUUGUUGUU...,10,VALID,C(C(F)(F)F)F,0.278
RNA 3/10,UGGAAGACUAGUGAUUUUGUUGUU...,11,VALID,CC1=C(C(=O)NC(=O)N1)F,0.357
RNA 3/10,UGGAAGACUAGUGAUUUUGUUGUU...,12,VALID,C1=CC=C(C=C1)NC(=O)CCCCCC(=O)NO,1.000
RNA 3/10,UGGAAGACUAGUGAUUUUGUUGUU...,13,VALID,CCC(=O)[O-].[Na+],0.917
RNA 3/10,UGGAAGACUAGUGAUUUUGUUGUU...,14,INVALID,C1=CC=C2C3=C4C(=C2=C1)C=CC5=C4C(=CC=C5)C=C3,N/A
RNA 3/10,UGGAAGACUAGUGAUUUUGUUGUU...,15,INVALID,C1=CN=C(N=S1)(=O)N2CCCCN2CC3=C(N=CC=C3)N=O,N/A
RNA 3/10,UGGAAGACUAGUGAUUUUGUUGUU...,16,VALID,CC(=O)NCCCN1CC2=CC=C=CC=C12,0.230
RNA 3/10,UGGAAGACUAGUGAUUUUGUUGUU...,17,INVALID,C[C@H]1[C@@H](NC(=O)[C@@H](NC(=O)[C@H]([C@@H](NC(=O)[C@H]([C,N/A
RNA 3/10,UGGAAGACUAGUGAUUUUGUUGUU...,18,VALID,C1=C(C(=O)NC(=O)N1)F,1.000
RNA 3/10,UGGAAGACUAGUGAUUUUGUUGUU...,19,INVALID,C(C(C(F)(F)(F)F)(F)F,N/A
RNA 3/10,UGGAAGACUAGUGAUUUUGUUGUU...,20,INVALID,C1=C(C=C(C(=C1O)O)O)[C@@H]2[C@H]([C@@H]([C@H]([C@@H](O2)OC(=,N/A
RNA 3/10,UGGAAGACUAGUGAUUUUGUUGUU...,21,INVALID,CC(=CCC[C@@](C)([C@H]1CC[C@@]2([C@@H]1[C@@H](C[C@H]3[C@]2(C[,N/A
RNA 3/10,UGGAAGACUAGUGAUUUUGUUGUU...,22,VALID,C[C@H](/C=C(\C)/C=C(\C)O)O,0.182
RNA 3/10,UGGAAGACUAGUGAUUUUGUUGUU...,23,VALID,CC/C=C\C/C=C\C/C=C\C/C=C\C\C/C=C/C\C/CC=C\C/C/C(=O)O,0.846
RNA 3/10,UGGAAGACUAGUGAUUUUGUUGUU...,24,VALID,C(C(F)(F)F)(F)F,0.375
RNA 3/10,UGGAAGACUAGUGAUUUUGUUGUU...,25,VALID,C1=CC(=CC=C1C2=C(C(=O)C3=C(C=C(C=C3C2=O)O)O)O)O,0.474
RNA 3/10,UGGAAGACUAGUGAUUUUGUUGUU...,26,VALID,CC(=O)O[C@H]1[C@H]([C@@H]2[C@]([C@H](CC2(C)C)O)([C@@]3([C@@],0.574
RNA 3/10,UGGAAGACUAGUGAUUUUGUUGUU...,27,INVALID,C(OC(F)SCCC(=O)O,N/A
RNA 3/10,UGGAAGACUAGUGAUUUUGUUGUU...,28,INVALID,CCCCCCCC(C)(=O)O,N/A
RNA 3/10,UGGAAGACUAGUGAUUUUGUUGUU...,29,INVALID,C[C@@]12CC[C@@]([C@H]1CCN)C(=O)CC(=N2CCC3=C(C=C3)C(C)C(=O)OC,N/A
RNA 3/10,UGGAAGACUAGUGAUUUUGUUGUU...,30,VALID,C[C@H](/C=C(\C)/C(=O)NO)C(=O)C1=CC=C(C=C1)N(C)C,0.659
RNA 4/10,UAAAGCUAGAUAACCGAAAGUA...,1,VALID,CC(=O)NCC(=O)O,0.321
RNA 4/10,UAAAGCUAGAUAACCGAAAGUA...,2,VALID,C1=CC=C2C(=C1)C(=CN2)CC3=CC=CC=C3,0.769
RNA 4/10,UAAAGCUAGAUAACCGAAAGUA...,3,VALID,CC(=O)O[C@H]1[C@H]([C@@H]2[C@]([C@H](CC2(C)C)O)([C@@]3([C@@],0.478
RNA 4/10,UAAAGCUAGAUAACCGAAAGUA...,4,VALID,COC1=CC(=C(C=C1)/C=C/C(=O)CC(=O)OC2=CC=C(C=C2)O)O,0.480
RNA 4/10,UAAAGCUAGAUAACCGAAAGUA...,5,VALID,CN(C)CCN=C(N)N=C(N)N,0.412
RNA 4/10,UAAAGCUAGAUAACCGAAAGUA...,6,VALID,CC(=O)NC(=O)O,0.308
RNA 4/10,UAAAGCUAGAUAACCGAAAGUA...,7,VALID,C1=NC(=NC(=O)N1[C@H]2[C@@H]([C@@H]([C@H](O2)CO)O)O)N,1.000
RNA 4/10,UAAAGCUAGAUAACCGAAAGUA...,8,INVALID,C#C(C)(C)(C)OC1=C(C(=C(N1C)C=C(C)C)C(=O)OC2=CC=C(C=C2)OC)OCN,N/A
RNA 4/10,UAAAGCUAGAUAACCGAAAGUA...,9,INVALID,C1=CC=C(C=C1)C2=CC(=O)C3=C(C(=C(C=C3O2)O[C@H]4[C@@H]([C@H]([,N/A
RNA 4/10,UAAAGCUAGAUAACCGAAAGUA...,10,VALID,C1=C2C(=CC(=C1Cl)Cl)OC3=CC(=C(C=C3O2)Cl)Cl,1.000
RNA 4/10,UAAAGCUAGAUAACCGAAAGUA...,11,VALID,CCCC1=C2C(=CC=C1)C(=CN2)C3=CC=C(C=C3)/C=C/C(=O)NO,0.426
RNA 4/10,UAAAGCUAGAUAACCGAAAGUA...,12,VALID,C1=C(C=C(C=C1O)O)[C@@H](C(=O)O)N,1.000
RNA 4/10,UAAAGCUAGAUAACCGAAAGUA...,13,INVALID,CN1CC[C@]23[C@@H]4[C@H]1CC5=C2C(=C5)O[C@H]3C(=O)C(C=C5)C4,N/A
RNA 4/10,UAAAGCUAGAUAACCGAAAGUA...,14,VALID,C1=CC=C(C=C1)NC(=O)CCCCCCC(=O)NOCC2=CC=CC=C2,0.605
RNA 4/10,UAAAGCUAGAUAACCGAAAGUA...,15,INVALID,CC(=O)NCCCCN1C2=CC=C2C1C3=C(C=C(C=C3)OC,N/A
RNA 4/10,UAAAGCUAGAUAACCGAAAGUA...,16,VALID,CCC(=O)O[C@H]1[C@H]([C@@H]2[C@]([C@H](CC2(C)C)O)([C@@]3([C@@,0.656
RNA 4/10,UAAAGCUAGAUAACCGAAAGUA...,17,VALID,C(C(C(=O)O)O)O,0.417
RNA 4/10,UAAAGCUAGAUAACCGAAAGUA...,18,INVALID,C/C(=C(\C1=CC=CC=C1)O,N/A
RNA 4/10,UAAAGCUAGAUAACCGAAAGUA...,19,VALID,CC(=O)O[C@H]1C[C@@H]2[C@@]1(CC[C@H]3[C@H]2CC4=CC(=O)C5=CC=CC,0.284
RNA 4/10,UAAAGCUAGAUAACCGAAAGUA...,20,VALID,CC(=O)O[C@H]1[C@H]([C@@H]2[C@]([C@H](CCC2(C)C)O)([C@@]3([C@@,0.741
RNA 4/10,UAAAGCUAGAUAACCGAAAGUA...,21,VALID,C1=CC(=CC=C1C2=COC3=C(C=C(C=C3O2)O)O)O,0.348
RNA 4/10,UAAAGCUAGAUAACCGAAAGUA...,22,VALID,C1=NC(=O)NCCC(=O)NC1,0.164
RNA 4/10,UAAAGCUAGAUAACCGAAAGUA...,23,INVALID,C[C@]12CC[C@@H](/C=C/[C@H](C(=O)[C@@H]1CCCC(=O)O)/C=C/C(=O)O,N/A
RNA 4/10,UAAAGCUAGAUAACCGAAAGUA...,24,INVALID,C[C@@H]1CC[C@@]2(CC[C@@]3(C(=CC[C@H]4[C@]3(CC[C@@H]5[C@@]4(C,N/A
RNA 4/10,UAAAGCUAGAUAACCGAAAGUA...,25,VALID,C1=CC=C2C3=C4C(=CC2=C1)C=CC5=C4C(=CC=C5)C=C3,1.000
RNA 4/10,UAAAGCUAGAUAACCGAAAGUA...,26,VALID,C1=CC(=C(C=C1C2=C(C(=O)C3=C(O2)C=C(C=C3O)O)O)O)O,1.000
RNA 4/10,UAAAGCUAGAUAACCGAAAGUA...,27,INVALID,CN1[C@H]2CC[C@]35[C@H]([C@@H]1C2=C(C=O)O[C@H](C4=CC=C5)O)O[C,N/A
RNA 4/10,UAAAGCUAGAUAACCGAAAGUA...,28,INVALID,C1=CC=CC(=C1)CCN(CC(=O)C2=CC=C(C=C2)C#N3C=N3,N/A
RNA 4/10,UAAAGCUAGAUAACCGAAAGUA...,29,VALID,CCN(C)C(=N)N=C(N)N=C(N)N,0.464
RNA 4/10,UAAAGCUAGAUAACCGAAAGUA...,30,VALID,C1=CC=C(C=C1)C2=CC(=O)C3=C(C(=CC=C3O2)O)O,0.750
RNA 5/10,AGAGAGAUCAUUGGACUUACAG...,1,INVALID,COC1=CC(=C(C=C1)/C=C/C(=O)CC(=O)/C=C/C2=CC(=C(C=C2)OC)OCC,N/A
RNA 5/10,AGAGAGAUCAUUGGACUUACAG...,2,INVALID,CC(=CC[C@@](C)([C@H]1CC[C@@]2([C@@H]1[C@@H](C[C@H]3[C@]2(C[C,N/A
RNA 5/10,AGAGAGAUCAUUGGACUUACAG...,3,VALID,C1=C(C=C(C=C1O)O)[C@@H](C(=O)O)N,1.000
RNA 5/10,AGAGAGAUCAUUGGACUUACAG...,4,INVALID,CC(=CC[C@@](C)([C@H]1CC[C@@]2([C@@H]1[C@@H](C[C@H]3[C@]2(C[C,N/A
RNA 5/10,AGAGAGAUCAUUGGACUUACAG...,5,INVALID,C(OC(F)(F)(F)F,N/A
RNA 5/10,AGAGAGAUCAUUGGACUUACAG...,6,VALID,C[C@]12CC[C@H]3[C@@H]([C@@H]1CC[C@@H]2O)CCC4=C3C=CC=C4,0.727
RNA 5/10,AGAGAGAUCAUUGGACUUACAG...,7,INVALID,CC1=C(C(CCC1)(C)C)/C=C/C(=C/C=C/C(=O)O,N/A
RNA 5/10,AGAGAGAUCAUUGGACUUACAG...,8,INVALID,C12CC[C@@](CC[C@@]3(C(=O)C(=C2=O)C(=C1)(C)O)(C(=O)C)C(=O)NO,N/A
RNA 5/10,AGAGAGAUCAUUGGACUUACAG...,9,INVALID,C[C@H](/C=C(\C)/C=C/C(=O)NO)C(=O)C1=CC=CC=C1C(=O)NC(C)C)C,N/A
RNA 5/10,AGAGAGAUCAUUGGACUUACAG...,10,INVALID,CC(=O)O[C@H]1C=C[C@H]2[C@H]3CC4=C5[C@]2([C@H]1OC5=C(C=C5)OC(,N/A
RNA 5/10,AGAGAGAUCAUUGGACUUACAG...,11,INVALID,C1=CC=C(C=C1)C2=CC(=O)C3=C(C(=C(C=C3O2)O[C@H]4[C@@H]([C@H]([,N/A
RNA 5/10,AGAGAGAUCAUUGGACUUACAG...,12,INVALID,CC(=O)O[C@H]1[C@H]([C@@H]2[C@]([C@H](CCC2(C)C)O)([C@@]3([C@@,N/A
RNA 5/10,AGAGAGAUCAUUGGACUUACAG...,13,VALID,CN(C)C(=O)N,0.364
RNA 5/10,AGAGAGAUCAUUGGACUUACAG...,14,VALID,C1=CC=C2C3=C4C(=CC2=C1)C=CC5=C4C(=CC=C5)C=C3,1.000
RNA 5/10,AGAGAGAUCAUUGGACUUACAG...,15,VALID,CCC(=O)[O-],1.000
RNA 5/10,AGAGAGAUCAUUGGACUUACAG...,16,VALID,C1=CC=C(C=C1)CNC(=O)CCCCCCC(=O)NO,0.600
RNA 5/10,AGAGAGAUCAUUGGACUUACAG...,17,INVALID,C(C(F)(F)P(=O)(O)(O)O,N/A
RNA 5/10,AGAGAGAUCAUUGGACUUACAG...,18,VALID,C1=CC=C2C(=C1)C(=CN2)CC(=O)O,0.633
RNA 5/10,AGAGAGAUCAUUGGACUUACAG...,19,INVALID,CC(=O)C1=C2=C(C(=C1)OC(=O)OC(=O)O2=CC3=C(C=C(C=C3)O2)O,N/A
RNA 5/10,AGAGAGAUCAUUGGACUUACAG...,20,VALID,CN1CC[C@]2(CC1)C(=O)C3=C2C=CC=C3,0.283
RNA 5/10,AGAGAGAUCAUUGGACUUACAG...,21,VALID,C1=CC=C(C=C1)NC2=CC=CC=C2Cl,0.243
RNA 5/10,AGAGAGAUCAUUGGACUUACAG...,22,VALID,C[C@]12CC[C@H]3[C@H]([C@@H]1CC[C@@H]2O)CCC4=C3C=CC(=C4)OC,0.745
RNA 5/10,AGAGAGAUCAUUGGACUUACAG...,23,VALID,C1=CC(=C(C=C1C2=C(C(=O)C3=C(C=C(C=C3O2)O)O)O)O)O,1.000
RNA 5/10,AGAGAGAUCAUUGGACUUACAG...,24,VALID,C1=CC=C(C=C1)NC(=O)CCCCCC(=O)NO,1.000
RNA 5/10,AGAGAGAUCAUUGGACUUACAG...,25,VALID,CC(=O)O[C@H]1[C@H]([C@@H]2[C@]([C@H](CC2(C)C)O)([C@@]3([C@@],0.574
RNA 5/10,AGAGAGAUCAUUGGACUUACAG...,26,INVALID,CC(C)CC(C1=CNC(=O)NC2=NC=CC=C21)/C(=O)NC(C)/C(=OC)NC3=C=CC=C,N/A
RNA 5/10,AGAGAGAUCAUUGGACUUACAG...,27,INVALID,CCN1CCN1C[C@H](C2=CN=CC3=C2)C(=O)NC4=CC=CC=C4,N/A
RNA 5/10,AGAGAGAUCAUUGGACUUACAG...,28,INVALID,C=C(=O)C(=O)[O-],N/A
RNA 5/10,AGAGAGAUCAUUGGACUUACAG...,29,VALID,COC1=CC=C(C=C1)/C=C/C(=O)CC2=CC(=C(C=C2)O)O,0.523
RNA 5/10,AGAGAGAUCAUUGGACUUACAG...,30,VALID,C1=C(C=C(C(=O)N1)F)[C@@H]([C@H]([C@@H](O)O)O)N,0.289
RNA 6/10,AAGAUCAUUGUUAGGACGCCAUC...,1,VALID,C1=CC=C(C=C1)NC(=O)CCCCCC(=O)NO,1.000
RNA 6/10,AAGAUCAUUGUUAGGACGCCAUC...,2,INVALID,CC(=O)O[C@H]1[C@H]([C@@H]2[C@]([C@H](CCC2(C)C)O)([C@@]3([C@@,N/A
RNA 6/10,AAGAUCAUUGUUAGGACGCCAUC...,3,VALID,C1CC2=CC=C(C(=C1)O)C(=O)C3=C2C=C(C=C3)O,0.348
RNA 6/10,AAGAUCAUUGUUAGGACGCCAUC...,4,INVALID,C[C@H]1[C@@H]([C@H]([C@@H](O1)OC[C@@H]2[C@H]([C@@H](OC3=C2C(,N/A
RNA 6/10,AAGAUCAUUGUUAGGACGCCAUC...,5,INVALID,CC(=O)O[C@H]1C=C[C@H]2[C@H]3CC5=C4C2(=O)C=C5[C@]4([C@H](C=C5,N/A
RNA 6/10,AAGAUCAUUGUUAGGACGCCAUC...,6,INVALID,CCC1=NC2=C(N1)C=NC(=N2)C3=CC=C(C=C3)Cl)NC(=O,N/A
RNA 6/10,AAGAUCAUUGUUAGGACGCCAUC...,7,INVALID,C1C2=NC(=N2C(=N1)NCC3=NC=C(N3)N)NC(C4=CC=C(C=C4)N5CCCOC5,N/A
RNA 6/10,AAGAUCAUUGUUAGGACGCCAUC...,8,VALID,CC(C)(C)O,0.364
RNA 6/10,AAGAUCAUUGUUAGGACGCCAUC...,9,VALID,CC1=C(C(=O)NC(=O)N1)F,0.357
RNA 6/10,AAGAUCAUUGUUAGGACGCCAUC...,10,INVALID,C[N+]1=CC2=C(C(=O)C3C=CC=CC=C3C2=O)O,N/A
RNA 6/10,AAGAUCAUUGUUAGGACGCCAUC...,11,INVALID,CC(=O)N([C@@H](CC1=CC=CC=C1)C(=O)NCC(=O)NOC)C(=O)N2=CNC3=C(C,N/A
RNA 6/10,AAGAUCAUUGUUAGGACGCCAUC...,12,VALID,C[C@]12CC[C@H]3[C@H]([C@@H]1CC[C@@H]2O)CCC4=CC(=O)CC[C@]34C,1.000
RNA 6/10,AAGAUCAUUGUUAGGACGCCAUC...,13,INVALID,C[C@H]1[C@H]([C@H](OC[C@@H](=O)O[C@H]([C@@H](O1)OC[C@@H]2[C@,N/A
RNA 6/10,AAGAUCAUUGUUAGGACGCCAUC...,14,VALID,CC(=O)[O-].[Na+],1.000
RNA 6/10,AAGAUCAUUGUUAGGACGCCAUC...,15,VALID,C1=C(C=C(C(=O)O1)O)CC2=C(C=C(C=C2)O)O,0.312
RNA 6/10,AAGAUCAUUGUUAGGACGCCAUC...,16,VALID,CC(=O)[O-].[Na+],1.000
RNA 6/10,AAGAUCAUUGUUAGGACGCCAUC...,17,VALID,C1=C2C(=CC(=C1Cl)Cl)OC3=CC(=C(C=C3O2)Cl)Cl,1.000
RNA 6/10,AAGAUCAUUGUUAGGACGCCAUC...,18,INVALID,COC1=CC=C(C=C1)P(=S)(N2CCOC2)S.C1CN1CCNCCC3=NC4=CC=CC=C4.CC=,N/A
RNA 6/10,AAGAUCAUUGUUAGGACGCCAUC...,19,VALID,COC1=C(C=CC(=C1)F)CC(=O)CCCCCC(=O)/C=C/C2=CC(=C(C=C2)OC)O,0.455
RNA 6/10,AAGAUCAUUGUUAGGACGCCAUC...,20,INVALID,C1=C2C(=CC(=C1Cl)S(=O)(=O)OC3=C(=C(C=C3O2)Cl)Cl)Cl,N/A
RNA 6/10,AAGAUCAUUGUUAGGACGCCAUC...,21,INVALID,C(C(C(F)(F)(F)F)F)(F)F,N/A
RNA 6/10,AAGAUCAUUGUUAGGACGCCAUC...,22,VALID,C1=C2C(=CC(=C1Cl)Cl)OC3=CC(=C(C=C3O2)Cl)Cl,1.000
RNA 6/10,AAGAUCAUUGUUAGGACGCCAUC...,23,INVALID,CC/C=C\C/C=C\C/C=C\C/C=C\C\C/C=C\C/C=C\C/C=C\C/C(F,N/A
RNA 6/10,AAGAUCAUUGUUAGGACGCCAUC...,24,VALID,C(CCl)(Cl)SCCCl,0.368
RNA 6/10,AAGAUCAUUGUUAGGACGCCAUC...,25,VALID,CCCN(C)CC(C1=CC=C(C=C1)O)C2=CC=C(C=C2)OC,0.380
RNA 6/10,AAGAUCAUUGUUAGGACGCCAUC...,26,INVALID,CC1=C(N=C(N1[C@H](C(=O)O)O)O,N/A
RNA 6/10,AAGAUCAUUGUUAGGACGCCAUC...,27,VALID,CCCCC(C)(C)OC(=O)O,0.345
RNA 6/10,AAGAUCAUUGUUAGGACGCCAUC...,28,VALID,C[C@H](/C=C(\C)/C=C/C(=O)NO)C(=O)C(=O)C1=CC=C(C=C1)N(C)C,0.773
RNA 6/10,AAGAUCAUUGUUAGGACGCCAUC...,29,VALID,CN(C)C(=N)N=C(N)N,1.000
RNA 6/10,AAGAUCAUUGUUAGGACGCCAUC...,30,VALID,C1=CC(=C(C=C1C2=C(C(=O)C3=C(C=C(C=C3O2)O)O)O)O)O,1.000
RNA 7/10,UAGCCAAUGUCUUCUCUAUCAUG...,1,INVALID,C1=C(C=C(C(=O)NC(=O)N1)F,N/A
RNA 7/10,UAGCCAAUGUCUUCUCUAUCAUG...,2,VALID,CC(C)OC(=O)C1=CC=C(C=C1)OCC,0.417
RNA 7/10,UAGCCAAUGUCUUCUCUAUCAUG...,3,INVALID,C=CC[C@H](CCC(=C)C)[C@H]1CC[C@@H](C(=O)O)NC(=O)[C@H](CC(=O)N,N/A
RNA 7/10,UAGCCAAUGUCUUCUCUAUCAUG...,4,VALID,CC1=C(C=C(C=C1)C)O,0.314
RNA 7/10,UAGCCAAUGUCUUCUCUAUCAUG...,5,VALID,CC1=C(C(=O)N(C1)F)F,0.184
RNA 7/10,UAGCCAAUGUCUUCUCUAUCAUG...,6,INVALID,CC(C)C(CC1=C(C(=C(N1)C)C)C(=O)O,N/A
RNA 7/10,UAGCCAAUGUCUUCUCUAUCAUG...,7,VALID,CN1CC[C@]23[C@@H]4[C@H]1CC5=C2C(=C(C=C5)O)O[C@H]3[C@H](C=C4),1.000
RNA 7/10,UAGCCAAUGUCUUCUCUAUCAUG...,8,VALID,C1=CC=C2C3=C4C(=CC2=C1)C=CC5=C4C(=CC=C5)C=C3,1.000
RNA 7/10,UAGCCAAUGUCUUCUCUAUCAUG...,9,INVALID,C1=C(C=C(C(=O)O1)C(=O)C2=C(C=C(C=C2)O)O,N/A
RNA 7/10,UAGCCAAUGUCUUCUCUAUCAUG...,10,INVALID,CC(C)(C1=C(C(=C(N1)CN)C(C)C)C2=CC=CC=C2,N/A
RNA 7/10,UAGCCAAUGUCUUCUCUAUCAUG...,11,VALID,CCCCCCCCCCP(=O)(O)(=O)N,0.370
RNA 7/10,UAGCCAAUGUCUUCUCUAUCAUG...,12,VALID,C[C@H](/C=C(\C)/C)\C(=O)O,0.296
RNA 7/10,UAGCCAAUGUCUUCUCUAUCAUG...,13,VALID,CCCC1=C(C(=O)C2=CC=C(C=C21)O)C,0.310
RNA 7/10,UAGCCAAUGUCUUCUCUAUCAUG...,14,INVALID,C[C@H]1[C@@H]([C@H]([C@@H](O1)O[C@@H]2[C@H]([C@@H]([C@H](OC2,N/A
RNA 7/10,UAGCCAAUGUCUUCUCUAUCAUG...,15,VALID,C1=CC=C2C3=C4C(=CC2=C1)C=CC5=C4C(=CC=C5)C=C3,1.000
RNA 7/10,UAGCCAAUGUCUUCUCUAUCAUG...,16,VALID,C1C(=O)N(C1)N,0.211
RNA 7/10,UAGCCAAUGUCUUCUCUAUCAUG...,17,INVALID,C1=C2C(=CC=C1Cl)OC3=C(Cl)Cl,N/A
RNA 7/10,UAGCCAAUGUCUUCUCUAUCAUG...,18,VALID,CCCC(=O)[O-].[Na+],1.000
RNA 7/10,UAGCCAAUGUCUUCUCUAUCAUG...,19,VALID,C1=CC=C2C3=C4C(=CC2=C1)C=CC5=C4C(=CC=C5)C=C3,1.000
RNA 7/10,UAGCCAAUGUCUUCUCUAUCAUG...,20,VALID,C1=CC=C(C=C1)NC(=O)NCCCCCC(=O)NO,0.714
RNA 7/10,UAGCCAAUGUCUUCUCUAUCAUG...,21,VALID,C1=CC=C2C3=C4C(=CC2=C1)C=CC5=C4C(=CC=C5)C=C3,1.000
RNA 7/10,UAGCCAAUGUCUUCUCUAUCAUG...,22,VALID,C1=CC=C(C=C1)NC(=O)CCCCCCC(=O)NO,1.000
RNA 7/10,UAGCCAAUGUCUUCUCUAUCAUG...,23,VALID,CCCCCCCCCCCN(C)CCCCCCCC(=O)OC1=C(C=CC=C1O)O,0.388
RNA 7/10,UAGCCAAUGUCUUCUCUAUCAUG...,24,INVALID,C([C@@H]1[C@H]([C@@H]([C@@H]([C@H](C(O1)O)O)O)O)O,N/A
RNA 7/10,UAGCCAAUGUCUUCUCUAUCAUG...,25,VALID,C1=C(C(=O)NC(=O)N1)F,1.000
RNA 7/10,UAGCCAAUGUCUUCUCUAUCAUG...,26,INVALID,COC1=CC=C2C3=C(C(=C1)O)C(=O)C4=CC5=C2C=C5,N/A
RNA 7/10,UAGCCAAUGUCUUCUCUAUCAUG...,27,VALID,C1=CN=C2C(=N1)CC(=N2)CC3=CC=CC=C3,0.256
RNA 7/10,UAGCCAAUGUCUUCUCUAUCAUG...,28,INVALID,C[C@H](C)[C@@H](C(=O)N[C@@H](CC(=O)N[C@@H](CC)C(=O)N1CC[C@@H,N/A
RNA 7/10,UAGCCAAUGUCUUCUCUAUCAUG...,29,INVALID,C[C@H]1[C@H]([C@H]([C@@H](O1)OC[C@@H]2[C@H]([C@@H]([C@H]([C@,N/A
RNA 7/10,UAGCCAAUGUCUUCUCUAUCAUG...,30,VALID,CN(CC)CCC(C1=CN=C(C=C1)O)O,0.273
RNA 8/10,UUUUGAUUGUUUUUCGAUGAUGUUCG...,1,VALID,CCN(C)C(COC1=CC=CC=C1)N(C)C,0.312
RNA 8/10,UUUUGAUUGUUUUUCGAUGAUGUUCG...,2,INVALID,C1=CC=C(C=C1)C2=CC(=O)C3=C(C(=C(C=C3O2)O[C@H]4[C@@H]([C@H]([,N/A
RNA 8/10,UUUUGAUUGUUUUUCGAUGAUGUUCG...,3,VALID,C1=CC(=C(C=C1O)O)[C@@H](C(=O)O)N,0.484
RNA 8/10,UUUUGAUUGUUUUUCGAUGAUGUUCG...,4,VALID,CC(=O)NCCCC1=CC=CC=C1,0.516
RNA 8/10,UUUUGAUUGUUUUUCGAUGAUGUUCG...,5,INVALID,C[C@@H]1C[C@H]2[C@@H]3CCC4=CC(=O)C=C[C@@]4([C@]3([C@H](C[C@@,N/A
RNA 8/10,UUUUGAUUGUUUUUCGAUGAUGUUCG...,6,VALID,CCC(=O)[O-].[Na+],0.917
RNA 8/10,UUUUGAUUGUUUUUCGAUGAUGUUCG...,7,INVALID,CCC(=CCC[C@@](C)([C@H]1CC[C@@]2([C@@H]1[C@@H](C[C@H]3[C@]2(C,N/A
RNA 8/10,UUUUGAUUGUUUUUCGAUGAUGUUCG...,8,VALID,C[C@H](CCC(=O)O)[C@H]1CC[C@@H]2[C@@]1(CC[C@H]3[C@H]2CC4[C@@],0.550
RNA 8/10,UUUUGAUUGUUUUUCGAUGAUGUUCG...,9,VALID,C1=CC=C(C=C1)NC2=CC=C(C=C2)CNC3=CC=C(C=C3)/C=C/C(=O)NO,0.442
RNA 8/10,UUUUGAUUGUUUUUCGAUGAUGUUCG...,10,INVALID,C[C@@H]1C[C@H]2[C@@H]3CCC4=CC=CC=C4,N/A
RNA 8/10,UUUUGAUUGUUUUUCGAUGAUGUUCG...,11,VALID,C1=CC=C2C3=C4C(=CC2=C1)C=CC5=C4C(=CC=C5)C=C3,1.000
RNA 8/10,UUUUGAUUGUUUUUCGAUGAUGUUCG...,12,VALID,C1=CC(=C(C=C1C2=C(C(=O)C3=C(C=C(C=C3O2)O)O)O)O)O,1.000
RNA 8/10,UUUUGAUUGUUUUUCGAUGAUGUUCG...,13,INVALID,CC1=C(C=C(C=C1)C(=O)O)[C@@H]2[C@H]([C@@H]([C@H](O2)OC(=O)C3=,N/A
RNA 8/10,UUUUGAUUGUUUUUCGAUGAUGUUCG...,14,INVALID,CC(C)(C1=C(C=CC=C1)O,N/A
RNA 8/10,UUUUGAUUGUUUUUCGAUGAUGUUCG...,15,VALID,C[C@H](/C=C(\C)/C=C/C(=O)NO)C(=O)C1=CC=CC=C1,0.714
RNA 8/10,UUUUGAUUGUUUUUCGAUGAUGUUCG...,16,INVALID,CC(=O)O[C@H]1[C@H]([C@@H]2[C@]([C@H](CC2(C)C)O)([C@@]3([C@@],N/A
RNA 8/10,UUUUGAUUGUUUUUCGAUGAUGUUCG...,17,INVALID,C[C@]12CC[C@@]([C@H]3[C@@H]([C@@H]1Cl)CC(=C(C=C)O)C(=O)N2[C@,N/A
RNA 8/10,UUUUGAUUGUUUUUCGAUGAUGUUCG...,18,INVALID,CC(=O)O[C@H]1[C@H]([C@@H]2[C@]([C@H](CCC2(C)C)O)([C@@]3([C@@,N/A
RNA 8/10,UUUUGAUUGUUUUUCGAUGAUGUUCG...,19,VALID,CCC(=O)N[C@H](CC1=CC=CC=C1)O,0.400
RNA 8/10,UUUUGAUUGUUUUUCGAUGAUGUUCG...,20,VALID,C1=CC=C2C3=C4C(=CC2=C1)C=CC5=C4C(=CC=C5)C=C3,1.000
RNA 8/10,UUUUGAUUGUUUUUCGAUGAUGUUCG...,21,INVALID,C(OC(C(F)(F)(F)(F)O,N/A
RNA 8/10,UUUUGAUUGUUUUUCGAUGAUGUUCG...,22,VALID,C1=C(C=C(C=C1O)O)[C@@H](C(=O)O)N,1.000
RNA 8/10,UUUUGAUUGUUUUUCGAUGAUGUUCG...,23,VALID,C1=C(C(=O)NC(=O)N1)F,1.000
RNA 8/10,UUUUGAUUGUUUUUCGAUGAUGUUCG...,24,VALID,CC(=O)[O-].[Na+],1.000
RNA 8/10,UUUUGAUUGUUUUUCGAUGAUGUUCG...,25,VALID,CNC(=O)N=C(N)N=C(N)N,0.321
RNA 8/10,UUUUGAUUGUUUUUCGAUGAUGUUCG...,26,VALID,C1C(CC(C1O)O)/C=C/C(=O)O,0.258
RNA 8/10,UUUUGAUUGUUUUUCGAUGAUGUUCG...,27,VALID,CN(C)CN=C(N)N=C(N)N,0.370
RNA 8/10,UUUUGAUUGUUUUUCGAUGAUGUUCG...,28,VALID,CN1CC[C@]23[C@@H]4[C@H]1CC5=C2C(=C(C=C5)O)O[C@H]3[C@H](C=C4),1.000
RNA 8/10,UUUUGAUUGUUUUUCGAUGAUGUUCG...,29,VALID,CC(C)C1=C(C(=C(N1C)CC(=O)O)C2=CC=C(C=C2)F)C(=O)OC,0.389
RNA 8/10,UUUUGAUUGUUUUUCGAUGAUGUUCG...,30,VALID,C1=CC(=C(C=C1C2=C(C(=O)C3=C(C=C(C=C3O2)O)O)O)O)O,1.000
RNA 9/10,UGAGGUCUUAUAGUUAGGUAGA...,1,VALID,C1=CC=C2C3=C4C(=CC2=C1)C=CC5=C4C(=CC=C5)C=C3,1.000
RNA 9/10,UGAGGUCUUAUAGUUAGGUAGA...,2,VALID,CC1=C(C(CCC1)(C)O)/C=C/C(=O)O,0.553
RNA 9/10,UGAGGUCUUAUAGUUAGGUAGA...,3,INVALID,C1=C(C=C(C(=C1O)O)O)CC2=C(=C(C=C2)O)O,N/A
RNA 9/10,UGAGGUCUUAUAGUUAGGUAGA...,4,VALID,C[C@H](/C=C(\C)/C=C/C(=O)NO)C(=O)C1=CC=C(C=C1)N(C)C,1.000
RNA 9/10,UGAGGUCUUAUAGUUAGGUAGA...,5,VALID,C1=CC=C2C3=C4C(=CC2=C1)C=CC5=C4C(=CC=C5)C=C3,1.000
RNA 9/10,UGAGGUCUUAUAGUUAGGUAGA...,6,VALID,CCCCCCCCCCCCCC=CCCCCCCCCO,0.556
RNA 9/10,UGAGGUCUUAUAGUUAGGUAGA...,7,INVALID,C[C@@H]1CC[C@@]2([C@H]([C@@](C(=O)C(=C3=C[C@@H](C=C2(C(=C1O),N/A
RNA 9/10,UGAGGUCUUAUAGUUAGGUAGA...,8,VALID,CC/C=C\C\C/C=C\C/C=C\C/C=C\C/C=C\C\C/C=C\C\CCCCC(=O)O,0.821
RNA 9/10,UGAGGUCUUAUAGUUAGGUAGA...,9,VALID,CCC(=O)[O-].[Na+],0.917
RNA 9/10,UGAGGUCUUAUAGUUAGGUAGA...,10,INVALID,C(S(=O)(=O)NCC(=O)OC1=CC=C(C=C1)F,N/A
RNA 9/10,UGAGGUCUUAUAGUUAGGUAGA...,11,VALID,CC(=O)NCCC1=CNC2=C1C=C(C=C2)OC,1.000
RNA 9/10,UGAGGUCUUAUAGUUAGGUAGA...,12,VALID,CC(C)OC1=C(C=C(C=C1)O)C2=CC=C(C=C2)OC,0.438
RNA 9/10,UGAGGUCUUAUAGUUAGGUAGA...,13,VALID,C[C@H](/C=C(\C)/C)\C(=O)NC(=O)C1=CC=C(C=C1)N(C)C,0.469
RNA 9/10,UGAGGUCUUAUAGUUAGGUAGA...,14,INVALID,C1=NC(=O)N=N1N=O,N/A
RNA 9/10,UGAGGUCUUAUAGUUAGGUAGA...,15,VALID,CC(C)[C@H]1C[C@@H]2[C@@]1(CC[C@H]3[C@H]2CC4[C@@]3(CC(=O)C4)C,0.357
RNA 9/10,UGAGGUCUUAUAGUUAGGUAGA...,16,INVALID,CN1CC[C@]23[C@@H]4[C@H]1CC5=C2C(=C(C=C5)C[C@H]3[C@H](C=C5)O),N/A
RNA 9/10,UGAGGUCUUAUAGUUAGGUAGA...,17,VALID,C1=CC=C2C3=C4C(=CC2=C1)C=CC5=C4C(=CC=C5)C=C3,1.000
RNA 9/10,UGAGGUCUUAUAGUUAGGUAGA...,18,VALID,CC(=O)O[C@H]1[C@H]([C@@H]2[C@]([C@H](CCC2(C)C)O)([C@@]3([C@@,1.000
RNA 9/10,UGAGGUCUUAUAGUUAGGUAGA...,19,VALID,CC(=O)[O-].[Na+],1.000
RNA 9/10,UGAGGUCUUAUAGUUAGGUAGA...,20,VALID,C1=CC=C(C=C1)NC(=O)CCCCCCCC(=O)NO,1.000
RNA 9/10,UGAGGUCUUAUAGUUAGGUAGA...,21,INVALID,C1=CC(=O)NC(=O)N1)F,N/A
RNA 9/10,UGAGGUCUUAUAGUUAGGUAGA...,22,INVALID,CCC(=O)O[C@H]1C=C[C@H]2[C@H]3CC4=C5[C@]2([C@H]1OC5=C(C=C5)OC,N/A
RNA 9/10,UGAGGUCUUAUAGUUAGGUAGA...,23,VALID,CC/C=C/C=C\C/C=C\C/C=C\C/C=C\C\C/C=C\C\C/C=C\C/C(=O)O,0.548
RNA 9/10,UGAGGUCUUAUAGUUAGGUAGA...,24,VALID,C1=C=C2C(=C1)C(=CN2)CC3=CC=C(C=C3)O,0.238
RNA 9/10,UGAGGUCUUAUAGUUAGGUAGA...,25,INVALID,CC(C)C1=C(C(=C(N1CC[C@H](CCC(=O)O)O)C2=CC(=C(C=C2)F)C3=CC=CC,N/A
RNA 9/10,UGAGGUCUUAUAGUUAGGUAGA...,26,VALID,C1=CC(=C(C=C1C2=C(C(=O)C3=C(C=C(C=C3O2)O)O)O)O)O,1.000
RNA 9/10,UGAGGUCUUAUAGUUAGGUAGA...,27,VALID,C1=CC=C2C3=C4C(=CC2=C1)C=CC5=C4C(=CC=C5)C=C3,1.000
RNA 9/10,UGAGGUCUUAUAGUUAGGUAGA...,28,VALID,C1=CC=C2C(=C1)C(=CN2)CC3=CC=C(C=C3)/C=C/C(=O)NO,0.655
RNA 9/10,UGAGGUCUUAUAGUUAGGUAGA...,29,INVALID,C1=C2C(=CC(=C1Cl)Cl)OC3=CC(=C(C=C3O2)Cl,N/A
RNA 9/10,UGAGGUCUUAUAGUUAGGUAGA...,30,VALID,C1=CC(=C(C=C1C2=C(C(=O)C3=C(C=C(C=C3O2)O)O)O)O)O,1.000
RNA 10/10,AAGCGAUCUUCUAGAUGGUUGUA...,1,VALID,C[C@H](/C=C(\C)/C=C/C(=O)NO)C(=O)C(=O)C1=CC=C=C(C=C1)N(C)C,0.474
RNA 10/10,AAGCGAUCUUCUAGAUGGUUGUA...,2,VALID,C[C@H](/C=C/C(\C)/C)/C(=O)NOC(=O)C1=CC=C(C=C1)N(C)C,0.389
RNA 10/10,AAGCGAUCUUCUAGAUGGUUGUA...,3,VALID,CN1CCC2=CC=CC=C21,0.429
RNA 10/10,AAGCGAUCUUCUAGAUGGUUGUA...,4,INVALID,CC(=O)O[C@H]1[C@H]([C@@H]2[C@]([C@H](CCC2(C)C)C)O)([C@@]3([C,N/A
RNA 10/10,AAGCGAUCUUCUAGAUGGUUGUA...,5,INVALID,C(C(C(S(=O)(=O)O)O)(O)O,N/A
RNA 10/10,AAGCGAUCUUCUAGAUGGUUGUA...,6,VALID,C1CCN(C1)C2=CC=CC=C2,0.367
RNA 10/10,AAGCGAUCUUCUAGAUGGUUGUA...,7,INVALID,C1=CC(=C(C=C1C2=C(C(=O)C3=C(C=C(C=C3O2)O)O)O)O,N/A
RNA 10/10,AAGCGAUCUUCUAGAUGGUUGUA...,8,INVALID,C1=CC=C2C3=C4C(=C2=C1)C=CC5=C4C(=CC=C5)C=C3,N/A
RNA 10/10,AAGCGAUCUUCUAGAUGGUUGUA...,9,VALID,CC(=O)NCCN,0.292
RNA 10/10,AAGCGAUCUUCUAGAUGGUUGUA...,10,VALID,C[C@]12C(=O)C[C@@H]1CC[C@@H]3[C@@H]2CC[C@]4([C@H]3CC[C@@H]4O,0.651
RNA 10/10,AAGCGAUCUUCUAGAUGGUUGUA...,11,VALID,C(C(C(F)(F)F)F)F,0.333
RNA 10/10,AAGCGAUCUUCUAGAUGGUUGUA...,12,INVALID,CC(=O)NCCCCN1CC2=CC=CC=C1C3=C2C(=O)OC(=O)NC,N/A
RNA 10/10,AAGCGAUCUUCUAGAUGGUUGUA...,13,VALID,CS(=O)(=O)NCCCCC1=CC=CC=C1C(=O)O,0.354
RNA 10/10,AAGCGAUCUUCUAGAUGGUUGUA...,14,INVALID,CC(=CCC[C@@](CC)([C@H]1CC[C@@]2([C@@H]1[C@@H](C[C@H]3[C@]2(C,N/A
RNA 10/10,AAGCGAUCUUCUAGAUGGUUGUA...,15,INVALID,C[C@]12CC[C@H]3[C@H]([C@@H]1CC[C@@H]2O)CCC4=CC(=CC=C4)O,N/A
RNA 10/10,AAGCGAUCUUCUAGAUGGUUGUA...,16,VALID,CN(C)C(CNC1=CC=C(C=C1)C)C(=O)C2=CC=C(C=C2)NC3=CC=CC=C(C=C3)C,0.222
RNA 10/10,AAGCGAUCUUCUAGAUGGUUGUA...,17,VALID,C[C@H](/C=C(\C)/C=C/C(=O)NO)C(=O)C1=CC=C(C=C1)N(C)C,1.000
RNA 10/10,AAGCGAUCUUCUAGAUGGUUGUA...,18,INVALID,C1=CC(=C(C=C1C2=C(C(=O)C3=C(N3C2=O)C(=O)O)O)O,N/A
RNA 10/10,AAGCGAUCUUCUAGAUGGUUGUA...,19,INVALID,CC(=O)[O-],N/A
RNA 10/10,AAGCGAUCUUCUAGAUGGUUGUA...,20,VALID,CC(C)C1=C(NC(=O)N1)C(=O)NC2=CC=CC=C2,0.333
RNA 10/10,AAGCGAUCUUCUAGAUGGUUGUA...,21,VALID,C1=CC=C(C=C1)C2=COC3=C(C2=O)C=CC(=C3)O,0.824
RNA 10/10,AAGCGAUCUUCUAGAUGGUUGUA...,22,VALID,CN(C)CCCN=C(N)N=C(N)N=C(N)N,0.368
RNA 10/10,AAGCGAUCUUCUAGAUGGUUGUA...,23,VALID,CC(=O)O[C@H]1C=C[C@H]2[C@H]3CC4=C5[C@]2([C@H]1OC5=C(C=C4)OC(,0.606
RNA 10/10,AAGCGAUCUUCUAGAUGGUUGUA...,24,INVALID,C([C@@H]1[C@H]([C@@H]([C@H](C(O1)O)O)O)O,N/A
RNA 10/10,AAGCGAUCUUCUAGAUGGUUGUA...,25,VALID,CN[C@H]1[C@H](C2=COC=CC=C21)C(=O)C3=CC(=CC=C3)O,0.237
RNA 10/10,AAGCGAUCUUCUAGAUGGUUGUA...,26,VALID,C[C@H](/C=C(\C)\C)/C(=O)NOCC1=CC(=C(C=C1)N(C)C)C,0.276
RNA 10/10,AAGCGAUCUUCUAGAUGGUUGUA...,27,INVALID,CC(=O)NCCCC1=C(NC2=CC=C(C=C21)C#N(C)N3CC=NC=N3)NC4=CC=CC=C4,N/A
RNA 10/10,AAGCGAUCUUCUAGAUGGUUGUA...,28,VALID,C[C@H](/C=C(\C)/C=C/C(=O)NO)C(=O)C1=CC=C(C=C1)N(C)C,1.000
RNA 10/10,AAGCGAUCUUCUAGAUGGUUGUA...,29,INVALID,C1=CC(=C(C=C1C2=C(C(=O)C3=C(C=C(C=C3O2)O)O)O)O,N/A
RNA 10/10,AAGCGAUCUUCUAGAUGGUUGUA...,30,VALID,CC1=C(C(CCC1)(C)O)C,0.361
custom,GUGAAAUGUUCAGGACCACUUG...,1,INVALID,C1=CC=C2C(=C1)C(=CN2)S(=O)(=O)NCCC3=CC=CNC=C4,N/A
custom,GUGAAAUGUUCAGGACCACUUG...,2,VALID,C1=CC=C2C(=C1)C(=O)C3=CC(=C(C=C3O2)O)O,0.500
custom,GUGAAAUGUUCAGGACCACUUG...,3,VALID,CC1=C(C(=O)NC(=O)N1)F,0.357
custom,GUGAAAUGUUCAGGACCACUUG...,4,VALID,C1=CC=C(C=C1)NC(=O)CCCCCC(=O)NO,1.000
custom,GUGAAAUGUUCAGGACCACUUG...,5,INVALID,C(C(C(F)(F)(F)F)(F)F)(F)F,N/A
custom,GUGAAAUGUUCAGGACCACUUG...,6,VALID,C([C@@H]1[C@@H]([C@H](C(O1)O)O)O)O,0.941
custom,GUGAAAUGUUCAGGACCACUUG...,7,INVALID,C1=CC(=C(C=C1/C=C/C(=O)C(=O)O)/C=C/C(=C/C2=C(C=C(C=C2)O)O)O,N/A
custom,GUGAAAUGUUCAGGACCACUUG...,8,INVALID,C[C@]12CC[C@@H](C(=O)CC[C@@]1([C@@H](C(=O)C(=O)C(=O)O[C@H]2[,N/A
custom,GUGAAAUGUUCAGGACCACUUG...,9,VALID,CN1CC[C@]23[C@@H]4[C@H]1CC5=C(C(=C5)O)O[C@H]2[C@H]3[C@H](C=C,0.422
custom,GUGAAAUGUUCAGGACCACUUG...,10,INVALID,C1=CC=C2C3=C4C(=C2=C1)C=CC(=C5=C4C(=CC=C5)C=C3,N/A
custom,GUGAAAUGUUCAGGACCACUUG...,11,INVALID,CC(=O)[O-],N/A
custom,GUGAAAUGUUCAGGACCACUUG...,12,VALID,CC1=C(C(=O)NC(=O)N1)F,0.357
custom,GUGAAAUGUUCAGGACCACUUG...,13,VALID,CN(C)C(=N)N=O,0.455
custom,GUGAAAUGUUCAGGACCACUUG...,14,INVALID,CC(C)(C1=CC=C(C=C1)C)P(=S)(N2CCC2)CNCCNC(=O)S.CCCCCCN1,N/A
custom,GUGAAAUGUUCAGGACCACUUG...,15,VALID,CC(C)(C)N,0.250
custom,GUGAAAUGUUCAGGACCACUUG...,16,VALID,C[C@H](CCCC(C)(C)O)[C@H]1CC[C@@H]\2[C@@]1(CC/C2=C\C=C/3\C[C@,0.898
custom,GUGAAAUGUUCAGGACCACUUG...,17,VALID,CN1CC[C@H]1C2=CN=C(C=C2)C3=CC=C(C=C3)Cl,0.383
custom,GUGAAAUGUUCAGGACCACUUG...,18,VALID,COC1=CC(=CC=C1)/C=C/C(=O)CC=C/C(=O)O,0.457
custom,GUGAAAUGUUCAGGACCACUUG...,19,VALID,CC(C)C1=C(C(=C(N1C[C@H](C[C@H](CCC(=O)O)O)O)O)C2=CC=C(C=C2)F,0.638
custom,GUGAAAUGUUCAGGACCACUUG...,20,VALID,CC(C)C(C)OO,0.235
custom,GUGAAAUGUUCAGGACCACUUG...,21,INVALID,C/C(=O)OC1CC[N+]2(C1C(=O)C(C(=O)C(C2)C(=O)C(C)C(=O)OC(O)O)O,N/A
custom,GUGAAAUGUUCAGGACCACUUG...,22,VALID,CN(C)CCCNC(C1=CC(=CC=C1)O)C2=CC=CC=C2,0.348
custom,GUGAAAUGUUCAGGACCACUUG...,23,INVALID,C1=NC(=N=O)NC(=O)N1N,N/A
custom,GUGAAAUGUUCAGGACCACUUG...,24,VALID,CC(=O)[O-].[Na+],1.000
custom,GUGAAAUGUUCAGGACCACUUG...,25,INVALID,C1=CC=C(C=C1)NC2=CC=CC=C2N1,N/A
custom,GUGAAAUGUUCAGGACCACUUG...,26,VALID,CCC(=O)NCC(=O)OC1=CC=C(C=C1)OC,0.310
custom,GUGAAAUGUUCAGGACCACUUG...,27,INVALID,C1=CC(=C(C=C1C2=C(C(=O)C3=C(C=C(C=C3O2)O)O)O)O,N/A
custom,GUGAAAUGUUCAGGACCACUUG...,28,INVALID,C[C@H]1[C@H](C[C@@H](O1)O[C@H]2C[C@@](CC3=C2C(=C4C(=C3O)C(=O,N/A
custom,GUGAAAUGUUCAGGACCACUUG...,29,INVALID,C[C@H](/C=C(\C)/C=C/C(=O)NOC(=O)C1=CC=C1,N/A
custom,GUGAAAUGUUCAGGACCACUUG...,30,VALID,C1=NC(=O)N(C(=O)N1[C@H]2[C@@H]([C@@H]([C@H](O2)CO)O)O)N,0.659
custom,GUGAAAUGUUCAGGACCACUUG...,31,INVALID,CC/C(=C(\C)/C/C(=O)O,N/A
custom,GUGAAAUGUUCAGGACCACUUG...,32,VALID,C1=C[C@H](OC=C1)NC(=O)CCCCCC(=O)NO,0.372
custom,GUGAAAUGUUCAGGACCACUUG...,33,INVALID,CC(=O)O[C@H]1[C@H]([C@H]([C@@H]([C@H]([C@@H](O1)O)OC)O)O,N/A
custom,GUGAAAUGUUCAGGACCACUUG...,34,VALID,C1=CC(=CC=C1C2=COC3=CC(=C(C=C3O2)O)O)O,0.311
custom,GUGAAAUGUUCAGGACCACUUG...,35,VALID,C[C@H](/C=C(\C)/C(=O)NO)C(=O)C1=CC=C(C=C1)N(C)C,0.659
custom,GUGAAAUGUUCAGGACCACUUG...,36,VALID,CCCCCCCCCCCCCCCCCCCC(C)O,0.414
custom,GUGAAAUGUUCAGGACCACUUG...,37,VALID,C1=CC=C2C(=C1)C(=CN2)CC3=C=CC=C3,0.606
custom,GUGAAAUGUUCAGGACCACUUG...,38,INVALID,C1=CC(=C(C=C1C2=C(C(=O)C3=C(C=C(C=C3O2)O)O)O)O,N/A
custom,GUGAAAUGUUCAGGACCACUUG...,39,VALID,COC1=CC(=C(C=C1)/C=C/C(=O)CC(=O)/C=C/C2=CC(=C(C=C2)O)OC)O,0.756
custom,GUGAAAUGUUCAGGACCACUUG...,40,VALID,C1=CC=C(C=C1)NC(=O)CCCCCCCC(=O)NO,1.000
custom,GUGAAAUGUUCAGGACCACUUG...,41,VALID,COC1=C(C=CC(=C1)/C=C/C(=O)CC(=O)/C=C/C2=CC(=C(C=C2)O)OC)O,1.000
custom,GUGAAAUGUUCAGGACCACUUG...,42,VALID,C1=CC=C(C=C1)NC(=O)CCCCCCCC(=O)NO,1.000
custom,GUGAAAUGUUCAGGACCACUUG...,43,VALID,COC1=C(C=C(C=C1)/C=C/C(=O)CC(=O)/C=C/C2=CC(=C(C=C2)O)OC)O,0.886
custom,GUGAAAUGUUCAGGACCACUUG...,44,VALID,CC(=O)NCCCC1=CNC2=C1C=C(C=C2)OC,0.860
custom,GUGAAAUGUUCAGGACCACUUG...,45,VALID,COC(=O)OC1=CC=C(C=C1)OC,0.394
custom,GUGAAAUGUUCAGGACCACUUG...,46,INVALID,CC[C@@]12CC[C@@]([C@H]1CC[C@]34[C@H]2C=C(C4=O)OC5=C(C=C5)(=O,N/A
custom,GUGAAAUGUUCAGGACCACUUG...,47,INVALID,CCCC(=O)OC1=CC=C2=C3C4=C(C(=C2C(=CC1)OC)OC)OC,N/A
custom,GUGAAAUGUUCAGGACCACUUG...,48,VALID,CC(=O)NCCC(=O)O,0.346
custom,GUGAAAUGUUCAGGACCACUUG...,49,VALID,C1=NC(=O)N=CN1C(=O)N,0.333
custom,GUGAAAUGUUCAGGACCACUUG...,50,VALID,C1=CC=C(C=C1)NC(=O)CCCCCCC(=O)NO,1.000
