row_idx,mirna_seq,bind_label,prop_MolWt,prop_LogP,prop_NumHAcceptors,prop_TPSA,prop_NumRotatableBonds,sample_id,gen_smiles,rdkit_valid
0,UGAUAUGUCUGGUAUUCUUGGGUU,1,252.316,5.737200000000003,0.0,0.0,0.0,0,C1=CC=C2C(=C1)NC3=C(C=CC(=C3)Cl)COC4CNCC4,False
0,UGAUAUGUCUGGUAUUCUUGGGUU,1,252.316,5.737200000000003,0.0,0.0,0.0,1,C1NC2=CC=CC=C21,True
0,UGAUAUGUCUGGUAUUCUUGGGUU,1,252.316,5.737200000000003,0.0,0.0,0.0,2,C1=CC=C2C(=C1)NC3=CC=CC=C3C4=CC=C44CNOC=NOCCl.Cl,False
1,UGAGAUCAUUAGUUGAAAGCCGA,1,162.23600000000002,1.8483,2.0,16.130000000000003,1.0,0,C1=CC=C2C(=C1)NC3=C(C=CC(=C3)Cl)COC4=CC=CC(C=C4)OCO,False
1,UGAGAUCAUUAGUUGAAAGCCGA,1,162.23600000000002,1.8483,2.0,16.130000000000003,1.0,1,C1=CC=C2C(=C1)NC3=C(C=CC(=C3)Cl)COC[C@@H]4OC(=O)N(CC4)C,False
1,UGAGAUCAUUAGUUGAAAGCCGA,1,162.23600000000002,1.8483,2.0,16.130000000000003,1.0,2,C1=CC=C2C(=C1)NC3=C(C=CC(=C3)Cl)COC[C@@H]4OC[C@H]2OCO4,True
2,UAAGGCACGCGGUGAAUGCCAA,1,914.187,6.180600000000006,13.0,195.42999999999995,6.0,0,C1NC(=NC1)C2=CC=CC=C2CNC3=CC=CC=C34CN=CC=C4.Cl,False
2,UAAGGCACGCGGUGAAUGCCAA,1,914.187,6.180600000000006,13.0,195.42999999999995,6.0,1,C1NC(=NC1)C2=CC=CC=C2[C@H](CC(=O)NC3=CC=CC=C3)CNC4CCCC4,True
2,UAAGGCACGCGGUGAAUGCCAA,1,914.187,6.180600000000006,13.0,195.42999999999995,6.0,2,C1NC(=NC1)C2=CC=CC=C2CNC3=CC=CC=C3,True
3,UCCCUGAGACCCUAACUUGUGA,1,321.97399999999993,6.1982,2.0,18.46,0.0,0,C1NC2=CC=CC=C21,True
3,UCCCUGAGACCCUAACUUGUGA,1,321.97399999999993,6.1982,2.0,18.46,0.0,1,C1=CC=C2C(=C1)C=C(CO2)C[C@@H]3CC4=CC=CC=C4NC=C4Cl.OCCl,False
3,UCCCUGAGACCCUAACUUGUGA,1,321.97399999999993,6.1982,2.0,18.46,0.0,2,C1NC2=CC=CC=C21,True
4,UGAGAUGAAGCACUGUAGCUC,1,500.1259999999999,4.8411,2.0,54.370000000000005,7.0,0,C1NC2=CC=CC=C21,True
4,UGAGAUGAAGCACUGUAGCUC,1,500.1259999999999,4.8411,2.0,54.370000000000005,7.0,1,C1CC2=C(C=C1)NC2=CC(=NC3=CC=CC(=C3)NOCC4CCCN(CC4)CO)O,True
4,UGAGAUGAAGCACUGUAGCUC,1,500.1259999999999,4.8411,2.0,54.370000000000005,7.0,2,C1NC2=CC=CC=C21,True
5,UUUGGCAAUGGUAGAACUCACA,1,500.1259999999999,4.8411,2.0,54.370000000000005,7.0,0,C1CC2=C(C=CC(=C2)F)OC1=CC[C@@H]3COC=CC(=C3)OCC4CN(CCC4)CCl,True
5,UUUGGCAAUGGUAGAACUCACA,1,500.1259999999999,4.8411,2.0,54.370000000000005,7.0,1,C1NC2=CC=CC=C2[C@H]1C(=O)C3=CC=CC=C3,True
5,UUUGGCAAUGGUAGAACUCACA,1,500.1259999999999,4.8411,2.0,54.370000000000005,7.0,2,C1CC2=C(C=CC(=C2)F)OC1=CC[C@@H]3COC=CC(=C3)OC4=CNC=CC4,True
6,UGUGCAAAUCCAUGCAAAACUCG,1,321.97399999999993,6.1982,2.0,18.46,0.0,0,C1=CC=C2C(=C1)C=C(C(=C2)COC(=O)C[C@@H]4CC=CC=C4NCCl)CCl,True
6,UGUGCAAAUCCAUGCAAAACUCG,1,321.97399999999993,6.1982,2.0,18.46,0.0,1,C1=CC=C2C(=C1)C=C(C(=C2)COC(=O)C[C@@H]1CC3=CC=CC=C3)C(=O)OC,False
6,UGUGCAAAUCCAUGCAAAACUCG,1,321.97399999999993,6.1982,2.0,18.46,0.0,2,C1=CC=C2C(=C1)C=C(C(=C2)COC(=O)C[C@@H]4CC=CC=C4CCN(CCCl)COCCl)OCCl,True
7,UCCUUCAUUCCACCGGAGUCUG,1,438.5710000000002,6.984200000000007,3.0,52.900000000000006,2.0,0,C1NC2=CC=CC=C21,True
7,UCCUUCAUUCCACCGGAGUCUG,1,438.5710000000002,6.984200000000007,3.0,52.900000000000006,2.0,1,C1=CC=C2C(=C1)C=C(CO2)C(C[C@@H]1CC3CCCC4=CC=CC4)OC(=O)OCCCl,False
7,UCCUUCAUUCCACCGGAGUCUG,1,438.5710000000002,6.984200000000007,3.0,52.900000000000006,2.0,2,C1=CC=C2C(=C1)C=C(CO2)C(C[C@@H]1CCC3=CC=CC=C3)OC(=O)OC4CCNCl,False
8,UUGUGCUUGAUCUAACCAUGCA,1,321.97399999999993,6.1982,2.0,18.46,0.0,0,C1NC2=CC=CC=C21,True
8,UUGUGCUUGAUCUAACCAUGCA,1,321.97399999999993,6.1982,2.0,18.46,0.0,1,C1NC2=CC=CC=C21C(=O)NC3=CC=CC(=C3)SOCCN4CCC4,False
8,UUGUGCUUGAUCUAACCAUGCA,1,321.97399999999993,6.1982,2.0,18.46,0.0,2,C1NC2=CC=CC=C21C(=O)NC3=CC=CC(=C3)BrOCCN4CCC4,False
