mirna_idx,mirna_seq,bind_label,sample_id,smiles_raw,smiles_canon,is_valid,nearest_tanimoto_to_dataset,nearest_dataset_smiles_canon
0,UGAUAUGUCUGGUAUUCUUGGGUU,1,0,((((((((((((((((((((((((((((((((((((((((((((((((((((((((((((((((((((((((((((((((((((((((((((((((((((,,False,,
0,UGAUAUGUCUGGUAUUCUUGGGUU,1,1,oooooooooooooooooooooooooooooooooooooooooooooooooooooooooooooooooooooooooooooooooooooooooooooooooooo,,False,,
0,UGAUAUGUCUGGUAUUCUUGGGUU,1,2,[Na+][Na+][Na+][Na+][Na+][Na+][Na+][Na+][Na+][Na+][Na+][Na+][Na+][Na+][Na+][Na+][Na+][Na+][Na+][Na+][Na+][Na+][Na+][Na+][Na+][Na+][Na+][Na+][Na+][Na+][Na+][Na+][Na+][Na+][Na+][Na+][Na+][Na+][Na+][Na+][Na+][Na+][Na+][Na+][Na+][Na+][Na+][Na+][Na+][Na+][Na+][Na+][Na+][Na+][Na+][Na+][Na+][Na+][Na+][Na+][Na+][Na+][Na+][Na+][Na+][Na+][Na+][Na+][Na+][Na+][Na+][Na+][Na+][Na+][Na+][Na+][Na+][Na+][Na+][Na+][Na+][Na+][Na+][Na+][Na+][Na+][Na+][Na+][Na+][Na+][Na+][Na+][Na+][Na+][Na+][Na+][Na+][Na+][Na+][Na+],,False,,
0,UGAUAUGUCUGGUAUUCUUGGGUU,1,3,NNNNNNNNNNNNNNNNNNNNNNNNNNNNNNNNNNNNNNNNNNNNNNNNNNNNNNNNNNNNNNNNNNNNNNNNNNNNNNNNNNNNNNNNNNNNNNNNNNNN,NNNNNNNNNNNNNNNNNNNNNNNNNNNNNNNNNNNNNNNNNNNNNNNNNNNNNNNNNNNNNNNNNNNNNNNNNNNNNNNNNNNNNNNNNNNNNNNNNNNN,True,0.125,NC(=O)NO
0,UGAUAUGUCUGGUAUUCUUGGGUU,1,4,OOOOOOOOOOOOOOOOOOOOOOOOOOOOOOOOOOOOOOOOOOOOOOOOOOOOOOOOOOOOOOOOOOOOOOOOOOOOOOOOOOOOOOOOOOOOOOOOOOOO,OOOOOOOOOOOOOOOOOOOOOOOOOOOOOOOOOOOOOOOOOOOOOOOOOOOOOOOOOOOOOOOOOOOOOOOOOOOOOOOOOOOOOOOOOOOOOOOOOOOO,True,0.21428571428571427,CC(C)(C)OO
0,UGAUAUGUCUGGUAUUCUUGGGUU,1,5,NNNNNNNNNNNNNNNNNNNNNNNNNNNNNNNNNNNNNNNNNNNNNNNNNNNNNNNNNNNNNNNNNNNNNNNNNNNNNNNNNNNNNNNNNNNNNNNNNNNN,NNNNNNNNNNNNNNNNNNNNNNNNNNNNNNNNNNNNNNNNNNNNNNNNNNNNNNNNNNNNNNNNNNNNNNNNNNNNNNNNNNNNNNNNNNNNNNNNNNNN,True,0.125,NC(=O)NO
0,UGAUAUGUCUGGUAUUCUUGGGUU,1,6,oooooooooooooooooooooooooooooooooooooooooooooooooooooooooooooooooooooooooooooooooooooooooooooooooooo,,False,,
0,UGAUAUGUCUGGUAUUCUUGGGUU,1,7,====================================================================================================,,False,,
0,UGAUAUGUCUGGUAUUCUUGGGUU,1,8,BrBrBrBrBrBrBrBrBrBrBrBrBrBrBrBrBrBrBrBrBrBrBrBrBrBrBrBrBrBrBrBrBrBrBrBrBrBrBrBrBrBrBrBrBrBrBrBrBrBrBrBrBrBrBrBrBrBrBrBrBrBrBrBrBrBrBrBrBrBrBrBrBrBrBrBrBrBrBrBrBrBrBrBrBrBrBrBrBrBrBrBrBrBrBrBrBrBrBrBr,,False,,
0,UGAUAUGUCUGGUAUUCUUGGGUU,1,9,[O-2][O-2][O-2][O-2][O-2][O-2][O-2][O-2][O-2][O-2][O-2][O-2][O-2][O-2][O-2][O-2][O-2][O-2][O-2][O-2][O-2][O-2][O-2][O-2][O-2][O-2][O-2][O-2][O-2][O-2][O-2][O-2][O-2][O-2][O-2][O-2][O-2][O-2][O-2][O-2][O-2][O-2][O-2][O-2][O-2][O-2][O-2][O-2][O-2][O-2][O-2][O-2][O-2][O-2][O-2][O-2][O-2][O-2][O-2][O-2][O-2][O-2][O-2][O-2][O-2][O-2][O-2][O-2][O-2][O-2][O-2][O-2][O-2][O-2][O-2][O-2][O-2][O-2][O-2][O-2][O-2][O-2][O-2][O-2][O-2][O-2][O-2][O-2][O-2][O-2][O-2][O-2][O-2][O-2][O-2][O-2][O-2][O-2][O-2][O-2],,False,,
1,UGAGAUCAUUAGUUGAAAGCCGA,1,0,8[As][As][As][As][As][As][As][As][As][As][As][As][As][As][As][As][As][As][As][As][As][As][As][As][As][As][As][As][As][As][As][As][As][As][As][As][As][As][As][As][As][As][As][As][As][As][As][As][As][As][As][As][As][As][As][As][As][As][As][As][As][As][As][As][As][As][As][As][As][As][As][As][As][As][As][As][As][As][As][As][As][As][As][As][As][As][As][As][As][As][As][As][As][As][As][As][As][As][As],,False,,
1,UGAGAUCAUUAGUUGAAAGCCGA,1,1,((((((((((((((((((((((((((((((((((((((((((((((((((((((((((((((((((((((((((((((((((((((((((((((((((((,,False,,
1,UGAGAUCAUUAGUUGAAAGCCGA,1,2,[As][As][As][As][As][As][As][As][As][As][As][As][As][As][As][As][As][As][As][As][As][As][As][As][As][As][As][As][As][As][As][As][As][As][As][As][As][As][As][As][As][As][As][As][As][As][As][As][As][As][As][As][As][As][As][As][As][As][As][As][As][As][As][As][As][As][As][As][As][As][As][As][As][As][As][As][As][As][As][As][As][As][As][As][As][As][As][As][As][As][As][As][As][As][As][As][As][As][As][As],[As][As][As][As][As][As][As][As][As][As][As][As][As][As][As][As][As][As][As][As][As][As][As][As][As][As][As][As][As][As][As][As][As][As][As][As][As][As][As][As][As][As][As][As][As][As][As][As][As][As][As][As][As][As][As][As][As][As][As][As][As][As][As][As][As][As][As][As][As][As][As][As][As][As][As][As][As][As][As][As][As][As][As][As][As][As][As][As][As][As][As][As][As][As][As][As][As][As][As][As],True,0.07142857142857142,O=[As][O-].[Na+]
1,UGAGAUCAUUAGUUGAAAGCCGA,1,3,[Na+][Na+][Na+][Na+][Na+][Na+][Na+][Na+][Na+][Na+][Na+][Na+][Na+][Na+][Na+][Na+][Na+][Na+][Na+][Na+][Na+][Na+][Na+][Na+][Na+][Na+][Na+][Na+][Na+][Na+][Na+][Na+][Na+][Na+][Na+][Na+][Na+][Na+][Na+][Na+][Na+][Na+][Na+][Na+][Na+][Na+][Na+][Na+][Na+][Na+][Na+][Na+][Na+][Na+][Na+][Na+][Na+][Na+][Na+][Na+][Na+][Na+][Na+][Na+][Na+][Na+][Na+][Na+][Na+][Na+][Na+][Na+][Na+][Na+][Na+][Na+][Na+][Na+][Na+][Na+][Na+][Na+][Na+][Na+][Na+][Na+][Na+][Na+][Na+][Na+][Na+][Na+][Na+][Na+][Na+][Na+][Na+][Na+][Na+][Na+],,False,,
1,UGAGAUCAUUAGUUGAAAGCCGA,1,4,2222222222222222222222222222222222222222222222222222222222222222222222222222222222222222222222222222,,False,,
1,UGAGAUCAUUAGUUGAAAGCCGA,1,5,BrBrBrBrBrBrBrBrBrBrBrBrBrBrBrBrBrBrBrBrBrBrBrBrBrBrBrBrBrBrBrBrBrBrBrBrBrBrBrBrBrBrBrBrBrBrBrBrBrBrBrBrBrBrBrBrBrBrBrBrBrBrBrBrBrBrBrBrBrBrBrBrBrBrBrBrBrBrBrBrBrBrBrBrBrBrBrBrBrBrBrBrBrBrBrBrBrBrBrBr,,False,,
1,UGAGAUCAUUAGUUGAAAGCCGA,1,6,2222222222222222222222222222222222222222222222222222222222222222222222222222222222222222222222222222,,False,,
1,UGAGAUCAUUAGUUGAAAGCCGA,1,7,[C@H][C@H][C@H][C@H][C@H][C@H][C@H][C@H][C@H][C@H][C@H][C@H][C@H][C@H][C@H][C@H][C@H][C@H][C@H][C@H][C@H][C@H][C@H][C@H][C@H][C@H][C@H][C@H][C@H][C@H][C@H][C@H][C@H][C@H][C@H][C@H][C@H][C@H][C@H][C@H][C@H][C@H][C@H][C@H][C@H][C@H][C@H][C@H][C@H][C@H][C@H][C@H][C@H][C@H][C@H][C@H][C@H][C@H][C@H][C@H][C@H][C@H][C@H][C@H][C@H][C@H][C@H][C@H][C@H][C@H][C@H][C@H][C@H][C@H][C@H][C@H][C@H][C@H][C@H][C@H][C@H][C@H][C@H][C@H][C@H][C@H][C@H][C@H][C@H][C@H][C@H][C@H][C@H][C@H][C@H][C@H][C@H][C@H][C@H][C@H],[CH][CH][CH][CH][CH][CH][CH][CH][CH][CH][CH][CH][CH][CH][CH][CH][CH][CH][CH][CH][CH][CH][CH][CH][CH][CH][CH][CH][CH][CH][CH][CH][CH][CH][CH][CH][CH][CH][CH][CH][CH][CH][CH][CH][CH][CH][CH][CH][CH][CH][CH][CH][CH][CH][CH][CH][CH][CH][CH][CH][CH][CH][CH][CH][CH][CH][CH][CH][CH][CH][CH][CH][CH][CH][CH][CH][CH][CH][CH][CH][CH][CH][CH][CH][CH][CH][CH][CH][CH][CH][CH][CH][CH][CH][CH][CH][CH][CH][CH][CH],True,0.11764705882352941,C=CC(N)=O
1,UGAGAUCAUUAGUUGAAAGCCGA,1,8,OOOOOOOOOOOOOOOOOOOOOOOOOOOOOOOOOOOOOOOOOOOOOOOOOOOOOOOOOOOOOOOOOOOOOOOOOOOOOOOOOOOOOOOOOOOOOOOOOOOO,OOOOOOOOOOOOOOOOOOOOOOOOOOOOOOOOOOOOOOOOOOOOOOOOOOOOOOOOOOOOOOOOOOOOOOOOOOOOOOOOOOOOOOOOOOOOOOOOOOOO,True,0.21428571428571427,CC(C)(C)OO
1,UGAGAUCAUUAGUUGAAAGCCGA,1,9,OOOOOOOOOOOOOOOOOOOOOOOOOOOOOOOOOOOOOOOOOOOOOOOOOOOOOOOOOOOOOOOOOOOOOOOOOOOOOOOOOOOOOOOOOOOOOOOOOOOO,OOOOOOOOOOOOOOOOOOOOOOOOOOOOOOOOOOOOOOOOOOOOOOOOOOOOOOOOOOOOOOOOOOOOOOOOOOOOOOOOOOOOOOOOOOOOOOOOOOOO,True,0.21428571428571427,CC(C)(C)OO
2,UAAGGCACGCGGUGAAUGCCAA,1,0,nnnnnnnnnnnnnnnnnnnnnnnnnnnnnnnnnnnnnnnnnnnnnnnnnnnnnnnnnnnnnnnnnnnnnnnnnnnnnnnnnnnnnnnnnnnnnnnnnnnn,,False,,
2,UAAGGCACGCGGUGAAUGCCAA,1,1,7777777777777777777777777777777777777777777777777777777777777777777777777777777777777777777777777777,,False,,
2,UAAGGCACGCGGUGAAUGCCAA,1,2,BrBrBrBrBrBrBrBrBrBrBrBrBrBrBrBrBrBrBrBrBrBrBrBrBrBrBrBrBrBrBrBrBrBrBrBrBrBrBrBrBrBrBrBrBrBrBrBrBrBrBrBrBrBrBrBrBrBrBrBrBrBrBrBrBrBrBrBrBrBrBrBrBrBrBrBrBrBrBrBrBrBrBrBrBrBrBrBrBrBrBrBrBrBrBrBrBrBrBrBr,,False,,
2,UAAGGCACGCGGUGAAUGCCAA,1,3,[C@H][C@H][C@H][C@H][C@H][C@H][C@H][C@H][C@H][C@H][C@H][C@H][C@H][C@H][C@H][C@H][C@H][C@H][C@H][C@H][C@H][C@H][C@H][C@H][C@H][C@H][C@H][C@H][C@H][C@H][C@H][C@H][C@H][C@H][C@H][C@H][C@H][C@H][C@H][C@H][C@H][C@H][C@H][C@H][C@H][C@H][C@H][C@H][C@H][C@H][C@H][C@H][C@H][C@H][C@H][C@H][C@H][C@H][C@H][C@H][C@H][C@H][C@H][C@H][C@H][C@H][C@H][C@H][C@H][C@H][C@H][C@H][C@H][C@H][C@H][C@H][C@H][C@H][C@H][C@H][C@H][C@H][C@H][C@H][C@H][C@H][C@H][C@H][C@H][C@H][C@H][C@H][C@H][C@H][C@H][C@H][C@H][C@H][C@H][C@H],[CH][CH][CH][CH][CH][CH][CH][CH][CH][CH][CH][CH][CH][CH][CH][CH][CH][CH][CH][CH][CH][CH][CH][CH][CH][CH][CH][CH][CH][CH][CH][CH][CH][CH][CH][CH][CH][CH][CH][CH][CH][CH][CH][CH][CH][CH][CH][CH][CH][CH][CH][CH][CH][CH][CH][CH][CH][CH][CH][CH][CH][CH][CH][CH][CH][CH][CH][CH][CH][CH][CH][CH][CH][CH][CH][CH][CH][CH][CH][CH][CH][CH][CH][CH][CH][CH][CH][CH][CH][CH][CH][CH][CH][CH][CH][CH][CH][CH][CH][CH],True,0.11764705882352941,C=CC(N)=O
2,UAAGGCACGCGGUGAAUGCCAA,1,4,CCCCCCCCCCCCCCCCCCCCCCCCCCCCCCCCCCCCCCCCCCCCCCCCCCCCCCCCCCCCCCCCCCCCCCCCCCCCCCCCCCCCCCCCCCCCCCCCCCCC,CCCCCCCCCCCCCCCCCCCCCCCCCCCCCCCCCCCCCCCCCCCCCCCCCCCCCCCCCCCCCCCCCCCCCCCCCCCCCCCCCCCCCCCCCCCCCCCCCCCC,True,0.47058823529411764,CCCCCCCCCCCCCCCC(=O)O
2,UAAGGCACGCGGUGAAUGCCAA,1,5,((((((((((((((((((((((((((((((((((((((((((((((((((((((((((((((((((((((((((((((((((((((((((((((((((((,,False,,
2,UAAGGCACGCGGUGAAUGCCAA,1,6,((((((((((((((((((((((((((((((((((((((((((((((((((((((((((((((((((((((((((((((((((((((((((((((((((((,,False,,
2,UAAGGCACGCGGUGAAUGCCAA,1,7,99999[O-2][O-2][O-2][O-2][O-2][O-2][O-2][O-2][O-2][O-2][O-2][O-2][O-2][O-2][O-2][O-2][O-2][O-2][O-2][O-2][O-2][O-2][O-2][O-2][O-2][O-2][O-2][O-2][O-2][O-2][O-2][O-2][O-2][O-2][O-2][O-2][O-2][O-2][O-2][O-2][O-2][O-2][O-2][O-2][O-2][O-2][O-2][O-2][O-2][O-2][O-2][O-2][O-2][O-2][O-2][O-2][O-2][O-2][O-2][O-2][O-2][O-2][O-2][O-2][O-2][O-2][O-2][O-2][O-2][O-2][O-2][O-2][O-2][O-2][O-2][O-2][O-2][O-2][O-2][O-2][O-2][O-2][O-2][O-2][O-2][O-2][O-2][O-2][O-2][O-2][O-2][O-2][O-2][O-2][O-2],,False,,
2,UAAGGCACGCGGUGAAUGCCAA,1,8,2222222222222222222222222222222222222222222222222222222222222222222222222222222222222222222222222222,,False,,
2,UAAGGCACGCGGUGAAUGCCAA,1,9,....................................................................................................,,False,,
3,UCCCUGAGACCCUAACUUGUGA,1,0,OOOOOOOOOOOOOOOOOOOOOOOOOOOOOOOOOOOOOOOOOOOOOOOOOOOOOOOOOOOOOOOOOOOOOOOOOOOOOOOOOOOOOOOOOOOOOOOOOOOO,OOOOOOOOOOOOOOOOOOOOOOOOOOOOOOOOOOOOOOOOOOOOOOOOOOOOOOOOOOOOOOOOOOOOOOOOOOOOOOOOOOOOOOOOOOOOOOOOOOOO,True,0.21428571428571427,CC(C)(C)OO
3,UCCCUGAGACCCUAACUUGUGA,1,1,((((((((((((((((((((((((((((((((((((((((((((((((((((((((((((((((((((((((((((((((((((((((((((((((((((,,False,,
3,UCCCUGAGACCCUAACUUGUGA,1,2,NNNNNNNNNNNNNNNNNNNNNNNNNNNNNNNNNNNNNNNNNNNNNNNNNNNNNNNNNNNNNNNNNNNNNNNNNNNNNNNNNNNNNNNNNNNNNNNNNNNN,NNNNNNNNNNNNNNNNNNNNNNNNNNNNNNNNNNNNNNNNNNNNNNNNNNNNNNNNNNNNNNNNNNNNNNNNNNNNNNNNNNNNNNNNNNNNNNNNNNNN,True,0.125,NC(=O)NO
3,UCCCUGAGACCCUAACUUGUGA,1,3,777777777777777777777[O-2][O-2][O-2][O-2][O-2][O-2][O-2][O-2][O-2][O-2][O-2][O-2][O-2][O-2][O-2][O-2][O-2][O-2][O-2][O-2][O-2][O-2][O-2][O-2][O-2][O-2][O-2][O-2][O-2][O-2][O-2][O-2][O-2][O-2][O-2][O-2][O-2][O-2][O-2][O-2][O-2][O-2][O-2][O-2][O-2][O-2][O-2][O-2][O-2][O-2][O-2][O-2][O-2][O-2][O-2][O-2][O-2][O-2][O-2][O-2][O-2][O-2][O-2][O-2][O-2][O-2][O-2][O-2][O-2][O-2][O-2][O-2][O-2][O-2][O-2][O-2][O-2][O-2][O-2],,False,,
3,UCCCUGAGACCCUAACUUGUGA,1,4,oooooooooooooooooooooooooooooooooooooooooooooooooooooooooooooooooooooooooooooooooooooooooooooooooooo,,False,,
3,UCCCUGAGACCCUAACUUGUGA,1,5,CCCCCCCCCCCCCCCCCCCCCCCCCCCCCCCCCCCCCCCCCCCCCCCCCCCCCCCCCCCCCCCCCCCCCCCCCCCCCCCCCCCCCCCCCCCCCCCCCCCC,CCCCCCCCCCCCCCCCCCCCCCCCCCCCCCCCCCCCCCCCCCCCCCCCCCCCCCCCCCCCCCCCCCCCCCCCCCCCCCCCCCCCCCCCCCCCCCCCCCCC,True,0.47058823529411764,CCCCCCCCCCCCCCCC(=O)O
3,UCCCUGAGACCCUAACUUGUGA,1,6,CCCCCCCCCCCCCCCCCCCCCCCCCCCCCCCCCCCCCCCCCCCCCCCCCCCCCCCCCCCCCCCCCCCCCCCCCCCCCCCCCCCCCCCCCCCCCCCCCCCC,CCCCCCCCCCCCCCCCCCCCCCCCCCCCCCCCCCCCCCCCCCCCCCCCCCCCCCCCCCCCCCCCCCCCCCCCCCCCCCCCCCCCCCCCCCCCCCCCCCCC,True,0.47058823529411764,CCCCCCCCCCCCCCCC(=O)O
3,UCCCUGAGACCCUAACUUGUGA,1,7,NNNNNNNNNNNNNNNNNNNNNNNNNNNNNNNNNNNNNNNNNNNNNNNNNNNNNNNNNNNNNNNNNNNNNNNNNNNNNNNNNNNNNNNNNNNNNNNNNNNN,NNNNNNNNNNNNNNNNNNNNNNNNNNNNNNNNNNNNNNNNNNNNNNNNNNNNNNNNNNNNNNNNNNNNNNNNNNNNNNNNNNNNNNNNNNNNNNNNNNNN,True,0.125,NC(=O)NO
3,UCCCUGAGACCCUAACUUGUGA,1,8,oooooooooooooooooooooooooooooooooooooooooooooooooooooooooooooooooooooooooooooooooooooooooooooooooooo,,False,,
3,UCCCUGAGACCCUAACUUGUGA,1,9,CCCCCCCCCCCCCCCCCCCCCCCCCCCCCCCCCCCCCCCCCCCCCCCCCCCCCCCCCCCCCCCCCCCCCCCCCCCCCCCCCCCCCCCCCCCCCCCCCCCC,CCCCCCCCCCCCCCCCCCCCCCCCCCCCCCCCCCCCCCCCCCCCCCCCCCCCCCCCCCCCCCCCCCCCCCCCCCCCCCCCCCCCCCCCCCCCCCCCCCCC,True,0.47058823529411764,CCCCCCCCCCCCCCCC(=O)O
4,UGAGAUGAAGCACUGUAGCUC,1,0,((((((((((((((((((((((((((((((((((((((((((((((((((((((((((((((((((((((((((((((((((((((((((((((((((((,,False,,
4,UGAGAUGAAGCACUGUAGCUC,1,1,4444444444444444444444444444444444444444444444444444444444444444444444444444444444444444444444444444,,False,,
4,UGAGAUGAAGCACUGUAGCUC,1,2,BrBrBrBrBrBrBrBrBrBrBrBrBrBrBrBrBrBrBrBrBrBrBrBrBrBrBrBrBrBrBrBrBrBrBrBrBrBrBrBrBrBrBrBrBrBrBrBrBrBrBrBrBrBrBrBrBrBrBrBrBrBrBrBrBrBrBrBrBrBrBrBrBrBrBrBrBrBrBrBrBrBrBrBrBrBrBrBrBrBrBrBrBrBrBrBrBrBrBrBr,,False,,
4,UGAGAUGAAGCACUGUAGCUC,1,3,[C@H][C@H][C@H][C@H][C@H][C@H][C@H][C@H][C@H][C@H][C@H][C@H][C@H][C@H][C@H][C@H][C@H][C@H][C@H][C@H][C@H][C@H][C@H][C@H][C@H][C@H][C@H][C@H][C@H][C@H][C@H][C@H][C@H][C@H][C@H][C@H][C@H][C@H][C@H][C@H][C@H][C@H][C@H][C@H][C@H][C@H][C@H][C@H][C@H][C@H][C@H][C@H][C@H][C@H][C@H][C@H][C@H][C@H][C@H][C@H][C@H][C@H][C@H][C@H][C@H][C@H][C@H][C@H][C@H][C@H][C@H][C@H][C@H][C@H][C@H][C@H][C@H][C@H][C@H][C@H][C@H][C@H][C@H][C@H][C@H][C@H][C@H][C@H][C@H][C@H][C@H][C@H][C@H][C@H][C@H][C@H][C@H][C@H][C@H][C@H],[CH][CH][CH][CH][CH][CH][CH][CH][CH][CH][CH][CH][CH][CH][CH][CH][CH][CH][CH][CH][CH][CH][CH][CH][CH][CH][CH][CH][CH][CH][CH][CH][CH][CH][CH][CH][CH][CH][CH][CH][CH][CH][CH][CH][CH][CH][CH][CH][CH][CH][CH][CH][CH][CH][CH][CH][CH][CH][CH][CH][CH][CH][CH][CH][CH][CH][CH][CH][CH][CH][CH][CH][CH][CH][CH][CH][CH][CH][CH][CH][CH][CH][CH][CH][CH][CH][CH][CH][CH][CH][CH][CH][CH][CH][CH][CH][CH][CH][CH][CH],True,0.11764705882352941,C=CC(N)=O
4,UGAGAUGAAGCACUGUAGCUC,1,4,OOOOOOOOOOOOOOOOOOOOOOOOOOOOOOOOOOOOOOOOOOOOOOOOOOOOOOOOOOOOOOOOOOOOOOOOOOOOOOOOOOOOOOOOOOOOOOOOOOOO,OOOOOOOOOOOOOOOOOOOOOOOOOOOOOOOOOOOOOOOOOOOOOOOOOOOOOOOOOOOOOOOOOOOOOOOOOOOOOOOOOOOOOOOOOOOOOOOOOOOO,True,0.21428571428571427,CC(C)(C)OO
4,UGAGAUGAAGCACUGUAGCUC,1,5,cccCCCCCCCCCCCCCCCCCCCCCCCCCCCCCCCCCCCCCCCCCCCCCCCCCCCCCCCCCCCCCCCCCCCCCCCCCCCCCCCCCCCCCCCCCCCCCCCCC,,False,,
4,UGAGAUGAAGCACUGUAGCUC,1,6,OOOOOOOOOOOOOOOOOOOOOOOOOOOOOOOOOOOOOOOOOOOOOOOOOOOOOOOOOOOOOOOOOOOOOOOOOOOOOOOOOOOOOOOOOOOOOOOOOOOO,OOOOOOOOOOOOOOOOOOOOOOOOOOOOOOOOOOOOOOOOOOOOOOOOOOOOOOOOOOOOOOOOOOOOOOOOOOOOOOOOOOOOOOOOOOOOOOOOOOOO,True,0.21428571428571427,CC(C)(C)OO
4,UGAGAUGAAGCACUGUAGCUC,1,7,[C@@H][C@@H][C@@H][C@@H][C@@H][C@@H][C@@H][C@@H][C@@H][C@@H][C@@H][C@@H][C@@H][C@@H][C@@H][C@@H][C@@H][C@@H][C@@H][C@@H][C@@H][C@@H][C@@H][C@@H][C@@H][C@@H][C@@H][C@@H][C@@H][C@@H][C@@H][C@@H][C@@H][C@@H][C@@H][C@@H][C@@H][C@@H][C@@H][C@@H][C@@H][C@@H][C@@H][C@@H][C@@H][C@@H][C@@H][C@@H][C@@H][C@@H][C@@H][C@@H][C@@H][C@@H][C@@H][C@@H][C@@H][C@@H][C@@H][C@@H][C@@H][C@@H][C@@H][C@@H][C@@H][C@@H][C@@H][C@@H][C@@H][C@@H][C@@H][C@@H][C@@H][C@@H][C@@H][C@@H][C@@H][C@@H][C@@H][C@@H][C@@H][C@@H][C@@H][C@@H][C@@H][C@@H][C@@H][C@@H][C@@H][C@@H][C@@H][C@@H][C@@H][C@@H][C@@H][C@@H][C@@H][C@@H][C@@H][C@@H],[CH][CH][CH][CH][CH][CH][CH][CH][CH][CH][CH][CH][CH][CH][CH][CH][CH][CH][CH][CH][CH][CH][CH][CH][CH][CH][CH][CH][CH][CH][CH][CH][CH][CH][CH][CH][CH][CH][CH][CH][CH][CH][CH][CH][CH][CH][CH][CH][CH][CH][CH][CH][CH][CH][CH][CH][CH][CH][CH][CH][CH][CH][CH][CH][CH][CH][CH][CH][CH][CH][CH][CH][CH][CH][CH][CH][CH][CH][CH][CH][CH][CH][CH][CH][CH][CH][CH][CH][CH][CH][CH][CH][CH][CH][CH][CH][CH][CH][CH][CH],True,0.11764705882352941,C=CC(N)=O
4,UGAGAUGAAGCACUGUAGCUC,1,8,4444444444444444444444444444444444444444444444444444444444444444444444444444444444444444444444444444,,False,,
4,UGAGAUGAAGCACUGUAGCUC,1,9,....................................................................................................,,False,,
