mirna_idx,mirna_seq,bind_label,sample_id,smiles_raw,smiles_canon,is_valid,exact_in_dataset,nearest_tanimoto_to_dataset,nearest_dataset_smiles_canon
0,AGACGAACGGAUUGGUUACACA,1,0,CC(=O)NCCC1=CNC2=C1C=C(C=C2)OC,COc1ccc2[nH]cc(CCNC(C)=O)c2c1,True,True,1.0,COc1ccc2[nH]cc(CCNC(C)=O)c2c1
0,AGACGAACGGAUUGGUUACACA,1,1,C1=CC(=C(C=C1C2=C(C(=O)C3=C(C=C(C=C3O2)O)O)O)O)O,O=c1c(O)c(-c2ccc(O)c(O)c2)oc2cc(O)cc(O)c12,True,True,1.0,O=c1c(O)c(-c2ccc(O)c(O)c2)oc2cc(O)cc(O)c12
0,AGACGAACGGAUUGGUUACACA,1,2,C1=CC(=C(C=C1C2=C(C(=O)C3=C(C=C(C=C3O2)O)O)O)O)O,O=c1c(O)c(-c2ccc(O)c(O)c2)oc2cc(O)cc(O)c12,True,True,1.0,O=c1c(O)c(-c2ccc(O)c(O)c2)oc2cc(O)cc(O)c12
0,AGACGAACGGAUUGGUUACACA,1,3,C1=CC(=C(C=C1C2=C(C(=O)C3=C(C=C(C=C3O2)O)O)O)O)O,O=c1c(O)c(-c2ccc(O)c(O)c2)oc2cc(O)cc(O)c12,True,True,1.0,O=c1c(O)c(-c2ccc(O)c(O)c2)oc2cc(O)cc(O)c12
0,AGACGAACGGAUUGGUUACACA,1,4,CC(=O)NCCC1=CNC2=C1C=C(C=C2)OC,COc1ccc2[nH]cc(CCNC(C)=O)c2c1,True,True,1.0,COc1ccc2[nH]cc(CCNC(C)=O)c2c1
0,AGACGAACGGAUUGGUUACACA,1,5,C1=CC(=C(C=C1C2=C(C(=O)C3=C(C=C(C=C3O2)O)O)O)O)O,O=c1c(O)c(-c2ccc(O)c(O)c2)oc2cc(O)cc(O)c12,True,True,1.0,O=c1c(O)c(-c2ccc(O)c(O)c2)oc2cc(O)cc(O)c12
0,AGACGAACGGAUUGGUUACACA,1,6,C1=CC(=C(C=C1C2=C(C(=O)C3=C(C=C(C=C3O2)O)O)O)O)O,O=c1c(O)c(-c2ccc(O)c(O)c2)oc2cc(O)cc(O)c12,True,True,1.0,O=c1c(O)c(-c2ccc(O)c(O)c2)oc2cc(O)cc(O)c12
0,AGACGAACGGAUUGGUUACACA,1,7,CC(=O)NCCC1=CNC2=C1C=C(C=C2)OC,COc1ccc2[nH]cc(CCNC(C)=O)c2c1,True,True,1.0,COc1ccc2[nH]cc(CCNC(C)=O)c2c1
0,AGACGAACGGAUUGGUUACACA,1,8,C([C@@H]1[C@H]([C@@H]([C@H](C(O1)O)O)O)O)O,OC[C@H]1OC(O)[C@H](O)[C@@H](O)[C@@H]1O,True,True,1.0,OC[C@H]1OC(O)[C@H](O)[C@@H](O)[C@@H]1O
0,AGACGAACGGAUUGGUUACACA,1,9,C1=CC(=C(C=C1C2=C(C(=O)C3=C(C=C(C=C3O2)O)O)O)O)O,O=c1c(O)c(-c2ccc(O)c(O)c2)oc2cc(O)cc(O)c12,True,True,1.0,O=c1c(O)c(-c2ccc(O)c(O)c2)oc2cc(O)cc(O)c12
0,AGACGAACGGAUUGGUUACACA,1,10,CC(=O)NCCC1=CNC2=C1C=C(C=C2)OC,COc1ccc2[nH]cc(CCNC(C)=O)c2c1,True,True,1.0,COc1ccc2[nH]cc(CCNC(C)=O)c2c1
0,AGACGAACGGAUUGGUUACACA,1,11,C1=CC(=C(C=C1C2=C(C(=O)C3=C(C=C(C=C3O2)O)O)O)O)O,O=c1c(O)c(-c2ccc(O)c(O)c2)oc2cc(O)cc(O)c12,True,True,1.0,O=c1c(O)c(-c2ccc(O)c(O)c2)oc2cc(O)cc(O)c12
0,AGACGAACGGAUUGGUUACACA,1,12,CC(=O)NCCC1=CNC2=C1C=C(C=C2)OC,COc1ccc2[nH]cc(CCNC(C)=O)c2c1,True,True,1.0,COc1ccc2[nH]cc(CCNC(C)=O)c2c1
0,AGACGAACGGAUUGGUUACACA,1,13,CCCC(=O)[O-][C@@]1([C@@H](C[C@@H]2[C@@]1(CC[C@H]3([C@H]2C[C@@H](C4=CC(=O)C=C[C@@]43C)F)F)O)C)C,,False,False,,
0,AGACGAACGGAUUGGUUACACA,1,14,C1=CC(=C(C=C1C2=C(C(=O)C3=C(C=C(C=C3O2)O)O)O)O)O,O=c1c(O)c(-c2ccc(O)c(O)c2)oc2cc(O)cc(O)c12,True,True,1.0,O=c1c(O)c(-c2ccc(O)c(O)c2)oc2cc(O)cc(O)c12
0,AGACGAACGGAUUGGUUACACA,1,15,C1=CC(=C(C=C1C2=C(C(=O)C3=C(C=C(C=C3O2)O)O)O)O)O,O=c1c(O)c(-c2ccc(O)c(O)c2)oc2cc(O)cc(O)c12,True,True,1.0,O=c1c(O)c(-c2ccc(O)c(O)c2)oc2cc(O)cc(O)c12
0,AGACGAACGGAUUGGUUACACA,1,16,CN(C)C(=N)N=C(N)N,CN(C)C(=N)N=C(N)N,True,True,1.0,CN(C)C(=N)N=C(N)N
0,AGACGAACGGAUUGGUUACACA,1,17,CC(=O)NCCC1=CNC2=C1C=C(C=C2)OC,COc1ccc2[nH]cc(CCNC(C)=O)c2c1,True,True,1.0,COc1ccc2[nH]cc(CCNC(C)=O)c2c1
0,AGACGAACGGAUUGGUUACACA,1,18,CN(C)C(=N)N=C(N)N,CN(C)C(=N)N=C(N)N,True,True,1.0,CN(C)C(=N)N=C(N)N
0,AGACGAACGGAUUGGUUACACA,1,19,C1=CC(=C(C=C1C2=C(C(=O)C3=C(C=C(C=C3O2)O)O)O)O)O,O=c1c(O)c(-c2ccc(O)c(O)c2)oc2cc(O)cc(O)c12,True,True,1.0,O=c1c(O)c(-c2ccc(O)c(O)c2)oc2cc(O)cc(O)c12
0,AGACGAACGGAUUGGUUACACA,1,20,C1=CC(=C(C=C1C2=C(C(=O)C3=C(C=C(C=C3O2)O)O)O)O)O,O=c1c(O)c(-c2ccc(O)c(O)c2)oc2cc(O)cc(O)c12,True,True,1.0,O=c1c(O)c(-c2ccc(O)c(O)c2)oc2cc(O)cc(O)c12
0,AGACGAACGGAUUGGUUACACA,1,21,C1=CC(=C(C=C1/C=C/C2=CC(=CC(=C2)O)O)O)O,Oc1cc(O)cc(/C=C/c2ccc(O)c(O)c2)c1,True,True,1.0,Oc1cc(O)cc(/C=C/c2ccc(O)c(O)c2)c1
0,AGACGAACGGAUUGGUUACACA,1,22,CC(=O)NCCC1=CNC2=C1C=C(C=C2)OC,COc1ccc2[nH]cc(CCNC(C)=O)c2c1,True,True,1.0,COc1ccc2[nH]cc(CCNC(C)=O)c2c1
0,AGACGAACGGAUUGGUUACACA,1,23,CC(=O)NCCC1=CNC2=C1C=C(C=C2)OC,COc1ccc2[nH]cc(CCNC(C)=O)c2c1,True,True,1.0,COc1ccc2[nH]cc(CCNC(C)=O)c2c1
0,AGACGAACGGAUUGGUUACACA,1,24,CC(=O)NCCC1=CNC2=C1C=C(C=C2)OC,COc1ccc2[nH]cc(CCNC(C)=O)c2c1,True,True,1.0,COc1ccc2[nH]cc(CCNC(C)=O)c2c1
0,AGACGAACGGAUUGGUUACACA,1,25,CN1CCC[C@H]1C2=CN=CC=C2,CN1CCC[C@H]1c1cccnc1,True,True,1.0,CN1CCC[C@H]1c1cccnc1
0,AGACGAACGGAUUGGUUACACA,1,26,CC(=O)NCCC1=CNC2=C1C=C(C=C2)OC,COc1ccc2[nH]cc(CCNC(C)=O)c2c1,True,True,1.0,COc1ccc2[nH]cc(CCNC(C)=O)c2c1
0,AGACGAACGGAUUGGUUACACA,1,27,CC(=O)NCCC1=CNC2=C1C=C(C=C2)OC,COc1ccc2[nH]cc(CCNC(C)=O)c2c1,True,True,1.0,COc1ccc2[nH]cc(CCNC(C)=O)c2c1
0,AGACGAACGGAUUGGUUACACA,1,28,C1=CC(=C(C=C1/C=C/C2=CC(=CC(=C2)O)O)O)O,Oc1cc(O)cc(/C=C/c2ccc(O)c(O)c2)c1,True,True,1.0,Oc1cc(O)cc(/C=C/c2ccc(O)c(O)c2)c1
0,AGACGAACGGAUUGGUUACACA,1,29,CN1CCC[C@H]1C2=CN=CC=C2,CN1CCC[C@H]1c1cccnc1,True,True,1.0,CN1CCC[C@H]1c1cccnc1
1,AGCAAAUUAGCCGCAGGCUGAC,1,0,CC(=O)O[C@H]1[C@H]([C@@H]2[C@]([C@H](CCC2(C)C)O)([C@@]3([C@@]1(O[C@@](CC3=O)(C)C=C)C)O)C)O,C=C[C@@]1(C)CC(=O)[C@]2(O)[C@@]3(C)[C@@H](O)CCC(C)(C)[C@@H]3[C@H](O)[C@H](OC(C)=O)[C@@]2(C)O1,True,True,1.0,C=C[C@@]1(C)CC(=O)[C@]2(O)[C@@]3(C)[C@@H](O)CCC(C)(C)[C@@H]3[C@H](O)[C@H](OC(C)=O)[C@@]2(C)O1
1,AGCAAAUUAGCCGCAGGCUGAC,1,1,C1=CC(=C(C=C1C2=C(C(=O)C3=C(C=C(C=C3O2)O)O)O)O)O,O=c1c(O)c(-c2ccc(O)c(O)c2)oc2cc(O)cc(O)c12,True,True,1.0,O=c1c(O)c(-c2ccc(O)c(O)c2)oc2cc(O)cc(O)c12
1,AGCAAAUUAGCCGCAGGCUGAC,1,2,CC(=O)O[C@H]1[C@H]([C@@H]2[C@]([C@H](CCC2(C)C)O)([C@@]3([C@@]1(O[C@@](CC3=O)(C)C=C)C)O)C)O,C=C[C@@]1(C)CC(=O)[C@]2(O)[C@@]3(C)[C@@H](O)CCC(C)(C)[C@@H]3[C@H](O)[C@H](OC(C)=O)[C@@]2(C)O1,True,True,1.0,C=C[C@@]1(C)CC(=O)[C@]2(O)[C@@]3(C)[C@@H](O)CCC(C)(C)[C@@H]3[C@H](O)[C@H](OC(C)=O)[C@@]2(C)O1
1,AGCAAAUUAGCCGCAGGCUGAC,1,3,CC(=O)O[C@H]1[C@H]([C@@H]2[C@]([C@H](CCC2(C)C)O)([C@@]3([C@@]1(O[C@@](CC3=O)(C)C=C)C)O)C)O,C=C[C@@]1(C)CC(=O)[C@]2(O)[C@@]3(C)[C@@H](O)CCC(C)(C)[C@@H]3[C@H](O)[C@H](OC(C)=O)[C@@]2(C)O1,True,True,1.0,C=C[C@@]1(C)CC(=O)[C@]2(O)[C@@]3(C)[C@@H](O)CCC(C)(C)[C@@H]3[C@H](O)[C@H](OC(C)=O)[C@@]2(C)O1
1,AGCAAAUUAGCCGCAGGCUGAC,1,4,CN(C)C(=N)N=C(N)N,CN(C)C(=N)N=C(N)N,True,True,1.0,CN(C)C(=N)N=C(N)N
1,AGCAAAUUAGCCGCAGGCUGAC,1,5,C[C@H](CCCC(C)(C)O)[C@H]1CC[C@@H]\2[C@@]1(CCC/C2=C\C=C/3\C[C@H](C[C@@H](C3=C)O)O)C,C=C1/C(=C\C=C2/CCC[C@]3(C)[C@@H]([C@H](C)CCCC(C)(C)O)CC[C@@H]23)C[C@@H](O)C[C@@H]1O,True,True,1.0,C=C1/C(=C\C=C2/CCC[C@]3(C)[C@@H]([C@H](C)CCCC(C)(C)O)CC[C@@H]23)C[C@@H](O)C[C@@H]1O
1,AGCAAAUUAGCCGCAGGCUGAC,1,6,CC(=O)O[C@H]1[C@H]([C@@H]2[C@]([C@H](CCC2(C)C)O)([C@@]3([C@@]1(O[C@@](CC3=O)(C)C=C)C)O)C)O,C=C[C@@]1(C)CC(=O)[C@]2(O)[C@@]3(C)[C@@H](O)CCC(C)(C)[C@@H]3[C@H](O)[C@H](OC(C)=O)[C@@]2(C)O1,True,True,1.0,C=C[C@@]1(C)CC(=O)[C@]2(O)[C@@]3(C)[C@@H](O)CCC(C)(C)[C@@H]3[C@H](O)[C@H](OC(C)=O)[C@@]2(C)O1
1,AGCAAAUUAGCCGCAGGCUGAC,1,7,C1=C(C=C(C=C1O)O)[C@@H](C(=O)O)N,N[C@H](C(=O)O)c1cc(O)cc(O)c1,True,True,1.0,N[C@H](C(=O)O)c1cc(O)cc(O)c1
1,AGCAAAUUAGCCGCAGGCUGAC,1,8,C1=CC(=C(C=C1C2=C(C(=O)C3=C(C=C(C=C3O2)O)O)O)O)O,O=c1c(O)c(-c2ccc(O)c(O)c2)oc2cc(O)cc(O)c12,True,True,1.0,O=c1c(O)c(-c2ccc(O)c(O)c2)oc2cc(O)cc(O)c12
1,AGCAAAUUAGCCGCAGGCUGAC,1,9,CC(=O)O[C@H]1[C@H]([C@@H]2[C@]([C@H](CCC2(C)C)O)([C@@]3([C@@]1(O[C@@](CC3=O)(C)C=C)C)O)C)O,C=C[C@@]1(C)CC(=O)[C@]2(O)[C@@]3(C)[C@@H](O)CCC(C)(C)[C@@H]3[C@H](O)[C@H](OC(C)=O)[C@@]2(C)O1,True,True,1.0,C=C[C@@]1(C)CC(=O)[C@]2(O)[C@@]3(C)[C@@H](O)CCC(C)(C)[C@@H]3[C@H](O)[C@H](OC(C)=O)[C@@]2(C)O1
1,AGCAAAUUAGCCGCAGGCUGAC,1,10,C1=CC(=C(C=C1C2=C(C(=O)C3=C(C=C(C=C3O2)O)O)O)O)O,O=c1c(O)c(-c2ccc(O)c(O)c2)oc2cc(O)cc(O)c12,True,True,1.0,O=c1c(O)c(-c2ccc(O)c(O)c2)oc2cc(O)cc(O)c12
1,AGCAAAUUAGCCGCAGGCUGAC,1,11,CN(C)C(=N)N=C(N)N,CN(C)C(=N)N=C(N)N,True,True,1.0,CN(C)C(=N)N=C(N)N
1,AGCAAAUUAGCCGCAGGCUGAC,1,12,CN(C)C(=N)N=C(N)N,CN(C)C(=N)N=C(N)N,True,True,1.0,CN(C)C(=N)N=C(N)N
1,AGCAAAUUAGCCGCAGGCUGAC,1,13,C1=CC(=C(C=C1C2=C(C(=O)C3=C(C=C(C=C3O2)O)O)O)O)O,O=c1c(O)c(-c2ccc(O)c(O)c2)oc2cc(O)cc(O)c12,True,True,1.0,O=c1c(O)c(-c2ccc(O)c(O)c2)oc2cc(O)cc(O)c12
1,AGCAAAUUAGCCGCAGGCUGAC,1,14,C1=CC(=C(C=C1C2=C(C(=O)C3=C(C=C(C=C3O2)O)O)O)O)O,O=c1c(O)c(-c2ccc(O)c(O)c2)oc2cc(O)cc(O)c12,True,True,1.0,O=c1c(O)c(-c2ccc(O)c(O)c2)oc2cc(O)cc(O)c12
1,AGCAAAUUAGCCGCAGGCUGAC,1,15,CC(=O)O[C@H]1[C@H]([C@@H]2[C@]([C@H](CCC2(C)C)O)([C@@]3([C@@]1(O[C@@](CC3=O)(C)C=C)C)O)C)O,C=C[C@@]1(C)CC(=O)[C@]2(O)[C@@]3(C)[C@@H](O)CCC(C)(C)[C@@H]3[C@H](O)[C@H](OC(C)=O)[C@@]2(C)O1,True,True,1.0,C=C[C@@]1(C)CC(=O)[C@]2(O)[C@@]3(C)[C@@H](O)CCC(C)(C)[C@@H]3[C@H](O)[C@H](OC(C)=O)[C@@]2(C)O1
1,AGCAAAUUAGCCGCAGGCUGAC,1,16,CC1=C(C2=CC=CC=C2N1)CCNCC3=CC=C(C=C3)/C=C/C(=O)NO,Cc1[nH]c2ccccc2c1CCNCc1ccc(/C=C/C(=O)NO)cc1,True,True,1.0,Cc1[nH]c2ccccc2c1CCNCc1ccc(/C=C/C(=O)NO)cc1
1,AGCAAAUUAGCCGCAGGCUGAC,1,17,CC(=O)O[C@H]1[C@H]([C@@H]2[C@]([C@H](CCC2(C)C)O)([C@@]3([C@@]1(O[C@@](CC3=O)(C)C=C)C)O)C)O,C=C[C@@]1(C)CC(=O)[C@]2(O)[C@@]3(C)[C@@H](O)CCC(C)(C)[C@@H]3[C@H](O)[C@H](OC(C)=O)[C@@]2(C)O1,True,True,1.0,C=C[C@@]1(C)CC(=O)[C@]2(O)[C@@]3(C)[C@@H](O)CCC(C)(C)[C@@H]3[C@H](O)[C@H](OC(C)=O)[C@@]2(C)O1
1,AGCAAAUUAGCCGCAGGCUGAC,1,18,C1=C(C=C(C=C1O)O)[C@@H](C(=O)O)N,N[C@H](C(=O)O)c1cc(O)cc(O)c1,True,True,1.0,N[C@H](C(=O)O)c1cc(O)cc(O)c1
1,AGCAAAUUAGCCGCAGGCUGAC,1,19,CC(=O)O[C@H]1[C@H]([C@@H]2[C@]([C@H](CCC2(C)C)O)([C@@]3([C@@]1(O[C@@](CC3=O)(C)C=C)C)O)C)O,C=C[C@@]1(C)CC(=O)[C@]2(O)[C@@]3(C)[C@@H](O)CCC(C)(C)[C@@H]3[C@H](O)[C@H](OC(C)=O)[C@@]2(C)O1,True,True,1.0,C=C[C@@]1(C)CC(=O)[C@]2(O)[C@@]3(C)[C@@H](O)CCC(C)(C)[C@@H]3[C@H](O)[C@H](OC(C)=O)[C@@]2(C)O1
1,AGCAAAUUAGCCGCAGGCUGAC,1,20,CC(=O)O[C@H]1[C@H]([C@@H]2[C@]([C@H](CCC2(C)C)O)([C@@]3([C@@]1(O[C@@](CC3=O)(C)C=C)C)O)C)O,C=C[C@@]1(C)CC(=O)[C@]2(O)[C@@]3(C)[C@@H](O)CCC(C)(C)[C@@H]3[C@H](O)[C@H](OC(C)=O)[C@@]2(C)O1,True,True,1.0,C=C[C@@]1(C)CC(=O)[C@]2(O)[C@@]3(C)[C@@H](O)CCC(C)(C)[C@@H]3[C@H](O)[C@H](OC(C)=O)[C@@]2(C)O1
1,AGCAAAUUAGCCGCAGGCUGAC,1,21,CC(=O)O[C@H]1[C@H]([C@@H]2[C@]([C@H](CCC2(C)C)O)([C@@]3([C@@]1(O[C@@](CC3=O)(C)C=C)C)O)C)O,C=C[C@@]1(C)CC(=O)[C@]2(O)[C@@]3(C)[C@@H](O)CCC(C)(C)[C@@H]3[C@H](O)[C@H](OC(C)=O)[C@@]2(C)O1,True,True,1.0,C=C[C@@]1(C)CC(=O)[C@]2(O)[C@@]3(C)[C@@H](O)CCC(C)(C)[C@@H]3[C@H](O)[C@H](OC(C)=O)[C@@]2(C)O1
1,AGCAAAUUAGCCGCAGGCUGAC,1,22,C1=CC(=C(C=C1C2=C(C(=O)C3=C(C=C(C=C3O2)O)O)O)O)O,O=c1c(O)c(-c2ccc(O)c(O)c2)oc2cc(O)cc(O)c12,True,True,1.0,O=c1c(O)c(-c2ccc(O)c(O)c2)oc2cc(O)cc(O)c12
1,AGCAAAUUAGCCGCAGGCUGAC,1,23,C1=CC(=C(C=C1C2=C(C(=O)C3=C(C=C(C=C3O2)O)O)O)O)O,O=c1c(O)c(-c2ccc(O)c(O)c2)oc2cc(O)cc(O)c12,True,True,1.0,O=c1c(O)c(-c2ccc(O)c(O)c2)oc2cc(O)cc(O)c12
1,AGCAAAUUAGCCGCAGGCUGAC,1,24,CC(=O)O[C@H]1[C@H]([C@@H]2[C@]([C@H](CCC2(C)C)O)([C@@]3([C@@]1(O[C@@](CC3=O)(C)C=C)C)O)C)O,C=C[C@@]1(C)CC(=O)[C@]2(O)[C@@]3(C)[C@@H](O)CCC(C)(C)[C@@H]3[C@H](O)[C@H](OC(C)=O)[C@@]2(C)O1,True,True,1.0,C=C[C@@]1(C)CC(=O)[C@]2(O)[C@@]3(C)[C@@H](O)CCC(C)(C)[C@@H]3[C@H](O)[C@H](OC(C)=O)[C@@]2(C)O1
1,AGCAAAUUAGCCGCAGGCUGAC,1,25,CC(=O)O[C@H]1[C@H]([C@@H]2[C@]([C@H](CCC2(C)C)O)([C@@]3([C@@]1(O[C@@](CC3=O)(C)C=C)C)O)C)O,C=C[C@@]1(C)CC(=O)[C@]2(O)[C@@]3(C)[C@@H](O)CCC(C)(C)[C@@H]3[C@H](O)[C@H](OC(C)=O)[C@@]2(C)O1,True,True,1.0,C=C[C@@]1(C)CC(=O)[C@]2(O)[C@@]3(C)[C@@H](O)CCC(C)(C)[C@@H]3[C@H](O)[C@H](OC(C)=O)[C@@]2(C)O1
1,AGCAAAUUAGCCGCAGGCUGAC,1,26,CC(=O)O[C@H]1[C@H]([C@@H]2[C@]([C@H](CCC2(C)C)O)([C@@]3([C@@]1(O[C@@](CC3=O)(C)C=C)C)O)C)O,C=C[C@@]1(C)CC(=O)[C@]2(O)[C@@]3(C)[C@@H](O)CCC(C)(C)[C@@H]3[C@H](O)[C@H](OC(C)=O)[C@@]2(C)O1,True,True,1.0,C=C[C@@]1(C)CC(=O)[C@]2(O)[C@@]3(C)[C@@H](O)CCC(C)(C)[C@@H]3[C@H](O)[C@H](OC(C)=O)[C@@]2(C)O1
1,AGCAAAUUAGCCGCAGGCUGAC,1,27,C1=C(C=C(C=C1O)O)[C@@H](C(=O)O)N,N[C@H](C(=O)O)c1cc(O)cc(O)c1,True,True,1.0,N[C@H](C(=O)O)c1cc(O)cc(O)c1
1,AGCAAAUUAGCCGCAGGCUGAC,1,28,CC(=O)O[C@H]1[C@H]([C@@H]2[C@]([C@H](CCC2(C)C)O)([C@@]3([C@@]1(O[C@@](CC3=O)(C)C=C)C)O)C)O,C=C[C@@]1(C)CC(=O)[C@]2(O)[C@@]3(C)[C@@H](O)CCC(C)(C)[C@@H]3[C@H](O)[C@H](OC(C)=O)[C@@]2(C)O1,True,True,1.0,C=C[C@@]1(C)CC(=O)[C@]2(O)[C@@]3(C)[C@@H](O)CCC(C)(C)[C@@H]3[C@H](O)[C@H](OC(C)=O)[C@@]2(C)O1
1,AGCAAAUUAGCCGCAGGCUGAC,1,29,C1=CC(=C(C=C1C2=C(C(=O)C3=C(C=C(C=C3O2)O)O)O)O)O,O=c1c(O)c(-c2ccc(O)c(O)c2)oc2cc(O)cc(O)c12,True,True,1.0,O=c1c(O)c(-c2ccc(O)c(O)c2)oc2cc(O)cc(O)c12
2,CCCGAUACGUGGCACCGAUAGA,1,0,C1=CC(=C(C=C1C2=C(C(=O)C3=C(C=C(C=C3O2)O)O)O)O)O,O=c1c(O)c(-c2ccc(O)c(O)c2)oc2cc(O)cc(O)c12,True,True,1.0,O=c1c(O)c(-c2ccc(O)c(O)c2)oc2cc(O)cc(O)c12
2,CCCGAUACGUGGCACCGAUAGA,1,1,CC(=O)NCCC1=CNC2=C1C=C(C=C2)OC,COc1ccc2[nH]cc(CCNC(C)=O)c2c1,True,True,1.0,COc1ccc2[nH]cc(CCNC(C)=O)c2c1
2,CCCGAUACGUGGCACCGAUAGA,1,2,CC(=O)NCCC1=CNC2=C1C=C(C=C2)OC,COc1ccc2[nH]cc(CCNC(C)=O)c2c1,True,True,1.0,COc1ccc2[nH]cc(CCNC(C)=O)c2c1
2,CCCGAUACGUGGCACCGAUAGA,1,3,C1=CC(=C(C=C1C2=C(C(=O)C3=C(C=C(C=C3O2)O)O)O)O)O,O=c1c(O)c(-c2ccc(O)c(O)c2)oc2cc(O)cc(O)c12,True,True,1.0,O=c1c(O)c(-c2ccc(O)c(O)c2)oc2cc(O)cc(O)c12
2,CCCGAUACGUGGCACCGAUAGA,1,4,C1=CC(=C(C=C1C2=C(C(=O)C3=C(C=C(C=C3O2)O)O)O)O)O,O=c1c(O)c(-c2ccc(O)c(O)c2)oc2cc(O)cc(O)c12,True,True,1.0,O=c1c(O)c(-c2ccc(O)c(O)c2)oc2cc(O)cc(O)c12
2,CCCGAUACGUGGCACCGAUAGA,1,5,C([C@@H]1[C@H]([C@@H]([C@H](C(O1)O)O)O)O)O,OC[C@H]1OC(O)[C@H](O)[C@@H](O)[C@@H]1O,True,True,1.0,OC[C@H]1OC(O)[C@H](O)[C@@H](O)[C@@H]1O
2,CCCGAUACGUGGCACCGAUAGA,1,6,C1=CC(=C(C=C1C2=C(C(=O)C3=C(C=C(C=C3O2)O)O)O)O)O,O=c1c(O)c(-c2ccc(O)c(O)c2)oc2cc(O)cc(O)c12,True,True,1.0,O=c1c(O)c(-c2ccc(O)c(O)c2)oc2cc(O)cc(O)c12
2,CCCGAUACGUGGCACCGAUAGA,1,7,C1=CC(=C(C=C1C2=C(C(=O)C3=C(C=C(C=C3O2)O)O)O)O)O,O=c1c(O)c(-c2ccc(O)c(O)c2)oc2cc(O)cc(O)c12,True,True,1.0,O=c1c(O)c(-c2ccc(O)c(O)c2)oc2cc(O)cc(O)c12
2,CCCGAUACGUGGCACCGAUAGA,1,8,C[C@H](/C=C(\C)/C=C/C(=O)NO)C(=O)C1=CC=C(C=C1)N(C)C,CC(/C=C/C(=O)NO)=C\[C@@H](C)C(=O)c1ccc(N(C)C)cc1,True,True,1.0,CC(/C=C/C(=O)NO)=C\[C@@H](C)C(=O)c1ccc(N(C)C)cc1
2,CCCGAUACGUGGCACCGAUAGA,1,9,C1=CC(=C(C=C1C2=C(C(=O)C3=C(C=C(C=C3O2)O)O)O)O)O,O=c1c(O)c(-c2ccc(O)c(O)c2)oc2cc(O)cc(O)c12,True,True,1.0,O=c1c(O)c(-c2ccc(O)c(O)c2)oc2cc(O)cc(O)c12
2,CCCGAUACGUGGCACCGAUAGA,1,10,C1=CC(=C(C=C1C2=C(C(=O)C3=C(C=C(C=C3O2)O)O)O)O)O,O=c1c(O)c(-c2ccc(O)c(O)c2)oc2cc(O)cc(O)c12,True,True,1.0,O=c1c(O)c(-c2ccc(O)c(O)c2)oc2cc(O)cc(O)c12
2,CCCGAUACGUGGCACCGAUAGA,1,11,C1=CC(=C(C=C1C2=C(C(=O)C3=C(C=C(C=C3O2)O)O)O)O)O,O=c1c(O)c(-c2ccc(O)c(O)c2)oc2cc(O)cc(O)c12,True,True,1.0,O=c1c(O)c(-c2ccc(O)c(O)c2)oc2cc(O)cc(O)c12
2,CCCGAUACGUGGCACCGAUAGA,1,12,C1=CC(=C(C=C1C2=C(C(=O)C3=C(C=C(C=C3O2)O)O)O)O)O,O=c1c(O)c(-c2ccc(O)c(O)c2)oc2cc(O)cc(O)c12,True,True,1.0,O=c1c(O)c(-c2ccc(O)c(O)c2)oc2cc(O)cc(O)c12
2,CCCGAUACGUGGCACCGAUAGA,1,13,C1=CC(=C(C=C1C2=C(C(=O)C3=C(C=C(C=C3O2)O)O)O)O)O,O=c1c(O)c(-c2ccc(O)c(O)c2)oc2cc(O)cc(O)c12,True,True,1.0,O=c1c(O)c(-c2ccc(O)c(O)c2)oc2cc(O)cc(O)c12
2,CCCGAUACGUGGCACCGAUAGA,1,14,C1=CC(=C(C=C1C2=C(C(=O)C3=C(C=C(C=C3O2)O)O)O)O)O,O=c1c(O)c(-c2ccc(O)c(O)c2)oc2cc(O)cc(O)c12,True,True,1.0,O=c1c(O)c(-c2ccc(O)c(O)c2)oc2cc(O)cc(O)c12
2,CCCGAUACGUGGCACCGAUAGA,1,15,C1=CC(=C(C=C1C2=C(C(=O)C3=C(C=C(C=C3O2)O)O)O)O)O,O=c1c(O)c(-c2ccc(O)c(O)c2)oc2cc(O)cc(O)c12,True,True,1.0,O=c1c(O)c(-c2ccc(O)c(O)c2)oc2cc(O)cc(O)c12
2,CCCGAUACGUGGCACCGAUAGA,1,16,CC(=O)NCCC1=CNC2=C1C=C(C=C2)OC,COc1ccc2[nH]cc(CCNC(C)=O)c2c1,True,True,1.0,COc1ccc2[nH]cc(CCNC(C)=O)c2c1
2,CCCGAUACGUGGCACCGAUAGA,1,17,CN1CCC[C@H]1C2=CN=CC=C2,CN1CCC[C@H]1c1cccnc1,True,True,1.0,CN1CCC[C@H]1c1cccnc1
2,CCCGAUACGUGGCACCGAUAGA,1,18,C1=CC(=C(C=C1C2=C(C(=O)C3=C(C=C(C=C3O2)O)O)O)O)O,O=c1c(O)c(-c2ccc(O)c(O)c2)oc2cc(O)cc(O)c12,True,True,1.0,O=c1c(O)c(-c2ccc(O)c(O)c2)oc2cc(O)cc(O)c12
2,CCCGAUACGUGGCACCGAUAGA,1,19,C1=CC(=C(C=C1C2=C(C(=O)C3=C(C=C(C=C3O2)O)O)O)O)O,O=c1c(O)c(-c2ccc(O)c(O)c2)oc2cc(O)cc(O)c12,True,True,1.0,O=c1c(O)c(-c2ccc(O)c(O)c2)oc2cc(O)cc(O)c12
2,CCCGAUACGUGGCACCGAUAGA,1,20,C1=CC(=C(C=C1C2=C(C(=O)C3=C(C=C(C=C3O2)O)O)O)O)O,O=c1c(O)c(-c2ccc(O)c(O)c2)oc2cc(O)cc(O)c12,True,True,1.0,O=c1c(O)c(-c2ccc(O)c(O)c2)oc2cc(O)cc(O)c12
2,CCCGAUACGUGGCACCGAUAGA,1,21,CC1=C(C(CCC1)(C)C)/C=C/C(=C/C=C/C(=C/C(=O)O)/C)/C,CC1=C(/C=C/C(C)=C/C=C/C(C)=C/C(=O)O)C(C)(C)CCC1,True,True,1.0,CC1=C(/C=C/C(C)=C/C=C/C(C)=C/C(=O)O)C(C)(C)CCC1
2,CCCGAUACGUGGCACCGAUAGA,1,22,C1=CC(=C(C=C1/C=C/C2=CC(=CC(=C2)O)O)O)O,Oc1cc(O)cc(/C=C/c2ccc(O)c(O)c2)c1,True,True,1.0,Oc1cc(O)cc(/C=C/c2ccc(O)c(O)c2)c1
2,CCCGAUACGUGGCACCGAUAGA,1,23,CC(=O)NCCC1=CNC2=C1C=C(C=C2)OC,COc1ccc2[nH]cc(CCNC(C)=O)c2c1,True,True,1.0,COc1ccc2[nH]cc(CCNC(C)=O)c2c1
2,CCCGAUACGUGGCACCGAUAGA,1,24,C1=CC(=C(C=C1C2=C(C(=O)C3=C(C=C(C=C3O2)O)O)O)O)O,O=c1c(O)c(-c2ccc(O)c(O)c2)oc2cc(O)cc(O)c12,True,True,1.0,O=c1c(O)c(-c2ccc(O)c(O)c2)oc2cc(O)cc(O)c12
2,CCCGAUACGUGGCACCGAUAGA,1,25,C1=CC(=C(C=C1C2=C(C(=O)C3=C(C=C(C=C3O2)O)O)O)O)O,O=c1c(O)c(-c2ccc(O)c(O)c2)oc2cc(O)cc(O)c12,True,True,1.0,O=c1c(O)c(-c2ccc(O)c(O)c2)oc2cc(O)cc(O)c12
2,CCCGAUACGUGGCACCGAUAGA,1,26,C[C@H](/C=C(\C)/C=C/C(=O)NO)C(=O)C1=CC=C(C=C1)N(C)C,CC(/C=C/C(=O)NO)=C\[C@@H](C)C(=O)c1ccc(N(C)C)cc1,True,True,1.0,CC(/C=C/C(=O)NO)=C\[C@@H](C)C(=O)c1ccc(N(C)C)cc1
2,CCCGAUACGUGGCACCGAUAGA,1,27,C1=CC(=C(C=C1C2=C(C(=O)C3=C(C=C(C=C3O2)O)O)O)O)O,O=c1c(O)c(-c2ccc(O)c(O)c2)oc2cc(O)cc(O)c12,True,True,1.0,O=c1c(O)c(-c2ccc(O)c(O)c2)oc2cc(O)cc(O)c12
2,CCCGAUACGUGGCACCGAUAGA,1,28,CC(=O)NCCC1=CNC2=C1C=C(C=C2)OC,COc1ccc2[nH]cc(CCNC(C)=O)c2c1,True,True,1.0,COc1ccc2[nH]cc(CCNC(C)=O)c2c1
2,CCCGAUACGUGGCACCGAUAGA,1,29,C([C@@H]1[C@H]([C@@H]([C@H](C(O1)O)O)O)O)O,OC[C@H]1OC(O)[C@H](O)[C@@H](O)[C@@H]1O,True,True,1.0,OC[C@H]1OC(O)[C@H](O)[C@@H](O)[C@@H]1O
3,GUCAGCUCUUCCCAAUCUAGGG,1,0,CC(=O)NCCC1=CNC2=C1C=C(C=C2)OC,COc1ccc2[nH]cc(CCNC(C)=O)c2c1,True,True,1.0,COc1ccc2[nH]cc(CCNC(C)=O)c2c1
3,GUCAGCUCUUCCCAAUCUAGGG,1,1,CN(C)C(=N)N=C(N)N,CN(C)C(=N)N=C(N)N,True,True,1.0,CN(C)C(=N)N=C(N)N
3,GUCAGCUCUUCCCAAUCUAGGG,1,2,C1=CC(=C(C=C1C2=C(C(=O)C3=C(C=C(C=C3O2)O)O)O)O)O,O=c1c(O)c(-c2ccc(O)c(O)c2)oc2cc(O)cc(O)c12,True,True,1.0,O=c1c(O)c(-c2ccc(O)c(O)c2)oc2cc(O)cc(O)c12
3,GUCAGCUCUUCCCAAUCUAGGG,1,3,C1=CC(=C(C=C1C2=C(C(=O)C3=C(C=C(C=C3O2)O)O)O)O)O,O=c1c(O)c(-c2ccc(O)c(O)c2)oc2cc(O)cc(O)c12,True,True,1.0,O=c1c(O)c(-c2ccc(O)c(O)c2)oc2cc(O)cc(O)c12
3,GUCAGCUCUUCCCAAUCUAGGG,1,4,CC(=O)NCCC1=CNC2=C1C=C(C=C2)OC,COc1ccc2[nH]cc(CCNC(C)=O)c2c1,True,True,1.0,COc1ccc2[nH]cc(CCNC(C)=O)c2c1
3,GUCAGCUCUUCCCAAUCUAGGG,1,5,C1=CC(=C(C=C1C2=C(C(=O)C3=C(C=C(C=C3O2)O)O)O)O)O,O=c1c(O)c(-c2ccc(O)c(O)c2)oc2cc(O)cc(O)c12,True,True,1.0,O=c1c(O)c(-c2ccc(O)c(O)c2)oc2cc(O)cc(O)c12
3,GUCAGCUCUUCCCAAUCUAGGG,1,6,C1=CC(=C(C=C1C2=C(C(=O)C3=C(C=C(C=C3O2)O)O)O)O)O,O=c1c(O)c(-c2ccc(O)c(O)c2)oc2cc(O)cc(O)c12,True,True,1.0,O=c1c(O)c(-c2ccc(O)c(O)c2)oc2cc(O)cc(O)c12
3,GUCAGCUCUUCCCAAUCUAGGG,1,7,C([C@@H]1[C@H]([C@@H]([C@H](C(O1)O)O)O)O)O,OC[C@H]1OC(O)[C@H](O)[C@@H](O)[C@@H]1O,True,True,1.0,OC[C@H]1OC(O)[C@H](O)[C@@H](O)[C@@H]1O
3,GUCAGCUCUUCCCAAUCUAGGG,1,8,C1=CC(=C(C=C1C2=C(C(=O)C3=C(C=C(C=C3O2)O)O)O)O)O,O=c1c(O)c(-c2ccc(O)c(O)c2)oc2cc(O)cc(O)c12,True,True,1.0,O=c1c(O)c(-c2ccc(O)c(O)c2)oc2cc(O)cc(O)c12
3,GUCAGCUCUUCCCAAUCUAGGG,1,9,CC(=O)NCCC1=CNC2=C1C=C(C=C2)OC,COc1ccc2[nH]cc(CCNC(C)=O)c2c1,True,True,1.0,COc1ccc2[nH]cc(CCNC(C)=O)c2c1
3,GUCAGCUCUUCCCAAUCUAGGG,1,10,C1=CC(=C(C=C1C2=C(C(=O)C3=C(C=C(C=C3O2)O)O)O)O)O,O=c1c(O)c(-c2ccc(O)c(O)c2)oc2cc(O)cc(O)c12,True,True,1.0,O=c1c(O)c(-c2ccc(O)c(O)c2)oc2cc(O)cc(O)c12
3,GUCAGCUCUUCCCAAUCUAGGG,1,11,C1=CC(=C(C=C1C2=C(C(=O)C3=C(C=C(C=C3O2)O)O)O)O)O,O=c1c(O)c(-c2ccc(O)c(O)c2)oc2cc(O)cc(O)c12,True,True,1.0,O=c1c(O)c(-c2ccc(O)c(O)c2)oc2cc(O)cc(O)c12
3,GUCAGCUCUUCCCAAUCUAGGG,1,12,C1=CC(=C(C=C1/C=C/C2=CC(=CC(=C2)O)O)O)O,Oc1cc(O)cc(/C=C/c2ccc(O)c(O)c2)c1,True,True,1.0,Oc1cc(O)cc(/C=C/c2ccc(O)c(O)c2)c1
3,GUCAGCUCUUCCCAAUCUAGGG,1,13,C1=CC(=C(C=C1/C=C/C2=CC(=CC(=C2)O)O)O)O,Oc1cc(O)cc(/C=C/c2ccc(O)c(O)c2)c1,True,True,1.0,Oc1cc(O)cc(/C=C/c2ccc(O)c(O)c2)c1
3,GUCAGCUCUUCCCAAUCUAGGG,1,14,C[C@H](/C=C(\C)/C=C/C(=O)NO)C(=O)C1=CC=C(C=C1)N(C)C,CC(/C=C/C(=O)NO)=C\[C@@H](C)C(=O)c1ccc(N(C)C)cc1,True,True,1.0,CC(/C=C/C(=O)NO)=C\[C@@H](C)C(=O)c1ccc(N(C)C)cc1
3,GUCAGCUCUUCCCAAUCUAGGG,1,15,C1=CC(=C(C=C1C2=C(C(=O)C3=C(C=C(C=C3O2)O)O)O)O)O,O=c1c(O)c(-c2ccc(O)c(O)c2)oc2cc(O)cc(O)c12,True,True,1.0,O=c1c(O)c(-c2ccc(O)c(O)c2)oc2cc(O)cc(O)c12
3,GUCAGCUCUUCCCAAUCUAGGG,1,16,C1=CC(=C(C=C1C2=C(C(=O)C3=C(C=C(C=C3O2)O)O)O)O)O,O=c1c(O)c(-c2ccc(O)c(O)c2)oc2cc(O)cc(O)c12,True,True,1.0,O=c1c(O)c(-c2ccc(O)c(O)c2)oc2cc(O)cc(O)c12
3,GUCAGCUCUUCCCAAUCUAGGG,1,17,CC(=O)NCCC1=CNC2=C1C=C(C=C2)OC,COc1ccc2[nH]cc(CCNC(C)=O)c2c1,True,True,1.0,COc1ccc2[nH]cc(CCNC(C)=O)c2c1
3,GUCAGCUCUUCCCAAUCUAGGG,1,18,C1=CC(=C(C=C1C2=C(C(=O)C3=C(C=C(C=C3O2)O)O)O)O)O,O=c1c(O)c(-c2ccc(O)c(O)c2)oc2cc(O)cc(O)c12,True,True,1.0,O=c1c(O)c(-c2ccc(O)c(O)c2)oc2cc(O)cc(O)c12
3,GUCAGCUCUUCCCAAUCUAGGG,1,19,CC(=O)NCCC1=CNC2=C1C=C(C=C2)OC,COc1ccc2[nH]cc(CCNC(C)=O)c2c1,True,True,1.0,COc1ccc2[nH]cc(CCNC(C)=O)c2c1
3,GUCAGCUCUUCCCAAUCUAGGG,1,20,C1=CC(=C(C=C1C2=C(C(=O)C3=C(C=C(C=C3O2)O)O)O)O)O,O=c1c(O)c(-c2ccc(O)c(O)c2)oc2cc(O)cc(O)c12,True,True,1.0,O=c1c(O)c(-c2ccc(O)c(O)c2)oc2cc(O)cc(O)c12
3,GUCAGCUCUUCCCAAUCUAGGG,1,21,C1=CC(=C(C=C1C2=C(C(=O)C3=C(C=C(C=C3O2)O)O)O)O)O,O=c1c(O)c(-c2ccc(O)c(O)c2)oc2cc(O)cc(O)c12,True,True,1.0,O=c1c(O)c(-c2ccc(O)c(O)c2)oc2cc(O)cc(O)c12
3,GUCAGCUCUUCCCAAUCUAGGG,1,22,C1=CC(=C(C=C1C2=C(C(=O)C3=C(C=C(C=C3O2)O)O)O)O)O,O=c1c(O)c(-c2ccc(O)c(O)c2)oc2cc(O)cc(O)c12,True,True,1.0,O=c1c(O)c(-c2ccc(O)c(O)c2)oc2cc(O)cc(O)c12
3,GUCAGCUCUUCCCAAUCUAGGG,1,23,CC(=O)NCCC1=CNC2=C1C=C(C=C2)OC,COc1ccc2[nH]cc(CCNC(C)=O)c2c1,True,True,1.0,COc1ccc2[nH]cc(CCNC(C)=O)c2c1
3,GUCAGCUCUUCCCAAUCUAGGG,1,24,CC(=O)NCCC1=CNC2=C1C=C(C=C2)OC,COc1ccc2[nH]cc(CCNC(C)=O)c2c1,True,True,1.0,COc1ccc2[nH]cc(CCNC(C)=O)c2c1
3,GUCAGCUCUUCCCAAUCUAGGG,1,25,CCCC(=O)[O-][C@@H]1CC[C@@H]2[C@@]1(CC[C@H]3[C@H]2CC4=CC(=O)CC[C@]34C)C,,False,False,,
3,GUCAGCUCUUCCCAAUCUAGGG,1,26,CC(=O)NCCC1=CNC2=C1C=C(C=C2)OC,COc1ccc2[nH]cc(CCNC(C)=O)c2c1,True,True,1.0,COc1ccc2[nH]cc(CCNC(C)=O)c2c1
3,GUCAGCUCUUCCCAAUCUAGGG,1,27,C1=CC(=C(C=C1C2=C(C(=O)C3=C(C=C(C=C3O2)O)O)O)O)O,O=c1c(O)c(-c2ccc(O)c(O)c2)oc2cc(O)cc(O)c12,True,True,1.0,O=c1c(O)c(-c2ccc(O)c(O)c2)oc2cc(O)cc(O)c12
3,GUCAGCUCUUCCCAAUCUAGGG,1,28,CN(C)C(=N)N=C(N)N,CN(C)C(=N)N=C(N)N,True,True,1.0,CN(C)C(=N)N=C(N)N
3,GUCAGCUCUUCCCAAUCUAGGG,1,29,CN1CCC[C@H]1C2=CN=CC=C2,CN1CCC[C@H]1c1cccnc1,True,True,1.0,CN1CCC[C@H]1c1cccnc1
4,CCAAAGAACACACAGGCAGCGA,1,0,C1=CC(=C(C=C1C2=C(C(=O)C3=C(C=C(C=C3O2)O)O)O)O)O,O=c1c(O)c(-c2ccc(O)c(O)c2)oc2cc(O)cc(O)c12,True,True,1.0,O=c1c(O)c(-c2ccc(O)c(O)c2)oc2cc(O)cc(O)c12
4,CCAAAGAACACACAGGCAGCGA,1,1,C[C@H](/C=C(\C)/C=C/C(=O)NO)C(=O)C1=CC=C(C=C1)N(C)C,CC(/C=C/C(=O)NO)=C\[C@@H](C)C(=O)c1ccc(N(C)C)cc1,True,True,1.0,CC(/C=C/C(=O)NO)=C\[C@@H](C)C(=O)c1ccc(N(C)C)cc1
4,CCAAAGAACACACAGGCAGCGA,1,2,CC(=O)O[C@H]1[C@H]([C@@H]2[C@]([C@H](CCC2(C)C)O)([C@@]3([C@@]1(O[C@@](CC3=O)(C)C=C)C)O)C)O,C=C[C@@]1(C)CC(=O)[C@]2(O)[C@@]3(C)[C@@H](O)CCC(C)(C)[C@@H]3[C@H](O)[C@H](OC(C)=O)[C@@]2(C)O1,True,True,1.0,C=C[C@@]1(C)CC(=O)[C@]2(O)[C@@]3(C)[C@@H](O)CCC(C)(C)[C@@H]3[C@H](O)[C@H](OC(C)=O)[C@@]2(C)O1
4,CCAAAGAACACACAGGCAGCGA,1,3,C1=CC(=C(C=C1C2=C(C(=O)C3=C(C=C(C=C3O2)O)O)O)O)O,O=c1c(O)c(-c2ccc(O)c(O)c2)oc2cc(O)cc(O)c12,True,True,1.0,O=c1c(O)c(-c2ccc(O)c(O)c2)oc2cc(O)cc(O)c12
4,CCAAAGAACACACAGGCAGCGA,1,4,C1=CC(=C(C=C1C2=C(C(=O)C3=C(C=C(C=C3O2)O)O)O)O)O,O=c1c(O)c(-c2ccc(O)c(O)c2)oc2cc(O)cc(O)c12,True,True,1.0,O=c1c(O)c(-c2ccc(O)c(O)c2)oc2cc(O)cc(O)c12
4,CCAAAGAACACACAGGCAGCGA,1,5,C1=CC(=C(C=C1C2=C(C(=O)C3=C(C=C(C=C3O2)O)O)O)O)O,O=c1c(O)c(-c2ccc(O)c(O)c2)oc2cc(O)cc(O)c12,True,True,1.0,O=c1c(O)c(-c2ccc(O)c(O)c2)oc2cc(O)cc(O)c12
4,CCAAAGAACACACAGGCAGCGA,1,6,C1=CC(=C(C=C1C2=C(C(=O)C3=C(C=C(C=C3O2)O)O)O)O)O,O=c1c(O)c(-c2ccc(O)c(O)c2)oc2cc(O)cc(O)c12,True,True,1.0,O=c1c(O)c(-c2ccc(O)c(O)c2)oc2cc(O)cc(O)c12
4,CCAAAGAACACACAGGCAGCGA,1,7,C[C@H](/C=C(\C)/C=C/C(=O)NO)C(=O)C1=CC=C(C=C1)N(C)C,CC(/C=C/C(=O)NO)=C\[C@@H](C)C(=O)c1ccc(N(C)C)cc1,True,True,1.0,CC(/C=C/C(=O)NO)=C\[C@@H](C)C(=O)c1ccc(N(C)C)cc1
4,CCAAAGAACACACAGGCAGCGA,1,8,C1=CC(=C(C=C1C2=C(C(=O)C3=C(C=C(C=C3O2)O)O)O)O)O,O=c1c(O)c(-c2ccc(O)c(O)c2)oc2cc(O)cc(O)c12,True,True,1.0,O=c1c(O)c(-c2ccc(O)c(O)c2)oc2cc(O)cc(O)c12
4,CCAAAGAACACACAGGCAGCGA,1,9,C1=CC(=C(C=C1/C=C/C2=CC(=CC(=C2)O)O)O)O,Oc1cc(O)cc(/C=C/c2ccc(O)c(O)c2)c1,True,True,1.0,Oc1cc(O)cc(/C=C/c2ccc(O)c(O)c2)c1
4,CCAAAGAACACACAGGCAGCGA,1,10,CC(=O)O[C@H]1[C@H]([C@@H]2[C@]([C@H](CCC2(C)C)O)([C@@]3([C@@]1(O[C@@](CC3=O)(C)C=C)C)O)C)O,C=C[C@@]1(C)CC(=O)[C@]2(O)[C@@]3(C)[C@@H](O)CCC(C)(C)[C@@H]3[C@H](O)[C@H](OC(C)=O)[C@@]2(C)O1,True,True,1.0,C=C[C@@]1(C)CC(=O)[C@]2(O)[C@@]3(C)[C@@H](O)CCC(C)(C)[C@@H]3[C@H](O)[C@H](OC(C)=O)[C@@]2(C)O1
4,CCAAAGAACACACAGGCAGCGA,1,11,C1=CC(=C(C=C1C2=C(C(=O)C3=C(C=C(C=C3O2)O)O)O)O)O,O=c1c(O)c(-c2ccc(O)c(O)c2)oc2cc(O)cc(O)c12,True,True,1.0,O=c1c(O)c(-c2ccc(O)c(O)c2)oc2cc(O)cc(O)c12
4,CCAAAGAACACACAGGCAGCGA,1,12,C1=CC(=C(C=C1C2=C(C(=O)C3=C(C=C(C=C3O2)O)O)O)O)O,O=c1c(O)c(-c2ccc(O)c(O)c2)oc2cc(O)cc(O)c12,True,True,1.0,O=c1c(O)c(-c2ccc(O)c(O)c2)oc2cc(O)cc(O)c12
4,CCAAAGAACACACAGGCAGCGA,1,13,CC(=O)O[C@H]1[C@H]([C@@H]2[C@]([C@H](CCC2(C)C)O)([C@@]3([C@@]1(O[C@@](CC3=O)(C)C=C)C)O)C)O,C=C[C@@]1(C)CC(=O)[C@]2(O)[C@@]3(C)[C@@H](O)CCC(C)(C)[C@@H]3[C@H](O)[C@H](OC(C)=O)[C@@]2(C)O1,True,True,1.0,C=C[C@@]1(C)CC(=O)[C@]2(O)[C@@]3(C)[C@@H](O)CCC(C)(C)[C@@H]3[C@H](O)[C@H](OC(C)=O)[C@@]2(C)O1
4,CCAAAGAACACACAGGCAGCGA,1,14,CN(C)C(=N)N=C(N)N,CN(C)C(=N)N=C(N)N,True,True,1.0,CN(C)C(=N)N=C(N)N
4,CCAAAGAACACACAGGCAGCGA,1,15,C1=CC(=C(C=C1C2=C(C(=O)C3=C(C=C(C=C3O2)O)O)O)O)O,O=c1c(O)c(-c2ccc(O)c(O)c2)oc2cc(O)cc(O)c12,True,True,1.0,O=c1c(O)c(-c2ccc(O)c(O)c2)oc2cc(O)cc(O)c12
4,CCAAAGAACACACAGGCAGCGA,1,16,C1=CC(=C(C=C1C2=C(C(=O)C3=C(C=C(C=C3O2)O)O)O)O)O,O=c1c(O)c(-c2ccc(O)c(O)c2)oc2cc(O)cc(O)c12,True,True,1.0,O=c1c(O)c(-c2ccc(O)c(O)c2)oc2cc(O)cc(O)c12
4,CCAAAGAACACACAGGCAGCGA,1,17,CC(=O)O[C@H]1[C@H]([C@@H]2[C@]([C@H](CCC2(C)C)O)([C@@]3([C@@]1(O[C@@](CC3=O)(C)C=C)C)O)C)O,C=C[C@@]1(C)CC(=O)[C@]2(O)[C@@]3(C)[C@@H](O)CCC(C)(C)[C@@H]3[C@H](O)[C@H](OC(C)=O)[C@@]2(C)O1,True,True,1.0,C=C[C@@]1(C)CC(=O)[C@]2(O)[C@@]3(C)[C@@H](O)CCC(C)(C)[C@@H]3[C@H](O)[C@H](OC(C)=O)[C@@]2(C)O1
4,CCAAAGAACACACAGGCAGCGA,1,18,C1=CC(=C(C=C1C2=C(C(=O)C3=C(C=C(C=C3O2)O)O)O)O)O,O=c1c(O)c(-c2ccc(O)c(O)c2)oc2cc(O)cc(O)c12,True,True,1.0,O=c1c(O)c(-c2ccc(O)c(O)c2)oc2cc(O)cc(O)c12
4,CCAAAGAACACACAGGCAGCGA,1,19,CN1CCC[C@H]1C2=CN=CC=C2,CN1CCC[C@H]1c1cccnc1,True,True,1.0,CN1CCC[C@H]1c1cccnc1
4,CCAAAGAACACACAGGCAGCGA,1,20,C1=CC(=C(C=C1C2=C(C(=O)C3=C(C=C(C=C3O2)O)O)O)O)O,O=c1c(O)c(-c2ccc(O)c(O)c2)oc2cc(O)cc(O)c12,True,True,1.0,O=c1c(O)c(-c2ccc(O)c(O)c2)oc2cc(O)cc(O)c12
4,CCAAAGAACACACAGGCAGCGA,1,21,CN(C)C(=N)N=C(N)N,CN(C)C(=N)N=C(N)N,True,True,1.0,CN(C)C(=N)N=C(N)N
4,CCAAAGAACACACAGGCAGCGA,1,22,CC(=O)O[C@H]1[C@H]([C@@H]2[C@]([C@H](CCC2(C)C)O)([C@@]3([C@@]1(O[C@@](CC3=O)(C)C=C)C)O)C)O,C=C[C@@]1(C)CC(=O)[C@]2(O)[C@@]3(C)[C@@H](O)CCC(C)(C)[C@@H]3[C@H](O)[C@H](OC(C)=O)[C@@]2(C)O1,True,True,1.0,C=C[C@@]1(C)CC(=O)[C@]2(O)[C@@]3(C)[C@@H](O)CCC(C)(C)[C@@H]3[C@H](O)[C@H](OC(C)=O)[C@@]2(C)O1
4,CCAAAGAACACACAGGCAGCGA,1,23,C1=CC(=C(C=C1C2=C(C(=O)C3=C(C=C(C=C3O2)O)O)O)O)O,O=c1c(O)c(-c2ccc(O)c(O)c2)oc2cc(O)cc(O)c12,True,True,1.0,O=c1c(O)c(-c2ccc(O)c(O)c2)oc2cc(O)cc(O)c12
4,CCAAAGAACACACAGGCAGCGA,1,24,CCCS(=O)(=O)NC1=C(C(=C(C=C1)F)C(=O)C2=CNC3=C2C=C(C=N3)C4=CC=C(C=C4)Cl)F,CCCS(=O)(=O)Nc1ccc(F)c(C(=O)c2c[nH]c3ncc(-c4ccc(Cl)cc4)cc23)c1F,True,True,1.0,CCCS(=O)(=O)Nc1ccc(F)c(C(=O)c2c[nH]c3ncc(-c4ccc(Cl)cc4)cc23)c1F
4,CCAAAGAACACACAGGCAGCGA,1,25,C([C@@H]1[C@H]([C@@H]([C@H](C(O1)O)O)O)O)O,OC[C@H]1OC(O)[C@H](O)[C@@H](O)[C@@H]1O,True,True,1.0,OC[C@H]1OC(O)[C@H](O)[C@@H](O)[C@@H]1O
4,CCAAAGAACACACAGGCAGCGA,1,26,C1=CC(=C(C=C1C2=C(C(=O)C3=C(C=C(C=C3O2)O)O)O)O)O,O=c1c(O)c(-c2ccc(O)c(O)c2)oc2cc(O)cc(O)c12,True,True,1.0,O=c1c(O)c(-c2ccc(O)c(O)c2)oc2cc(O)cc(O)c12
4,CCAAAGAACACACAGGCAGCGA,1,27,CN(C)C(=N)N=C(N)N,CN(C)C(=N)N=C(N)N,True,True,1.0,CN(C)C(=N)N=C(N)N
4,CCAAAGAACACACAGGCAGCGA,1,28,C1=CC(=C(C=C1C2=C(C(=O)C3=C(C=C(C=C3O2)O)O)O)O)O,O=c1c(O)c(-c2ccc(O)c(O)c2)oc2cc(O)cc(O)c12,True,True,1.0,O=c1c(O)c(-c2ccc(O)c(O)c2)oc2cc(O)cc(O)c12
4,CCAAAGAACACACAGGCAGCGA,1,29,C1=CC(=C(C=C1C2=C(C(=O)C3=C(C=C(C=C3O2)O)O)O)O)O,O=c1c(O)c(-c2ccc(O)c(O)c2)oc2cc(O)cc(O)c12,True,True,1.0,O=c1c(O)c(-c2ccc(O)c(O)c2)oc2cc(O)cc(O)c12
