rna_id,rna_sequence,total_generated,valid_count,valid_total,valid_pct,avg_tanimoto,max_tanimoto
RNA 1/10,GUGAAAUGUUCAGGACCACUUG...,30,19,30,63.3,0.711,1.0
RNA 2/10,UUCACUACUAGCAGAACUCGG...,30,20,30,66.7,0.722,1.0
RNA 3/10,UGGAAGACUAGUGAUUUUGUUGUU...,30,19,30,63.3,0.57,1.0
RNA 4/10,UAAAGCUAGAUAACCGAAAGUA...,30,21,30,70.0,0.601,1.0
RNA 5/10,AGAGAGAUCAUUGGACUUACAG...,30,15,30,50.0,0.665,1.0
RNA 6/10,AAGAUCAUUGUUAGGACGCCAUC...,30,17,30,56.7,0.688,1.0
RNA 7/10,UAGCCAAUGUCUUCUCUAUCAUG...,30,19,30,63.3,0.618,1.0
RNA 8/10,UUUUGAUUGUUUUUCGAUGAUGUUCG...,30,20,30,66.7,0.684,1.0
RNA 9/10,UGAGGUCUUAUAGUUAGGUAGA...,30,21,30,70.0,0.788,1.0
RNA 10/10,AAGCGAUCUUCUAGAUGGUUGUA...,30,18,30,60.0,0.473,1.0
custom,GUGAAAUGUUCAGGACCACUUG...,50,32,50,64.0,0.598,1.0
